seed,t,phase,status,n_members,chosen_candidate_idx,n_candidates,n_accepting_candidates,split_flag,merge_flag,steps_unresolved,v1_interior_size,v1_material_overlap_with_trace,v1_vs_trace_agree,target_heading,frac_trace_at_target,frac_v1_at_target,reason,centroid_x,centroid_y
502,30,control,continuing,21,,17,0,False,False,0,21,21,True,1,0.19047619047619047,0.19047619047619047,seed target at qualification,2.466824903517865,22.053463901394203
502,31,control,continuing,12,17,18,1,False,False,0,12,12,True,1,0.16666666666666666,0.16666666666666666,"B_max_jaccard(min=0.3) accepted candidate 17 (retained=12, R_old=0.571, R_new=1.000, jaccard=0.571)",2.0991102715999634,23.30254322369745
502,32,control,unresolved,12,,15,0,False,False,1,38,0,False,1,0.0,0.3157894736842105,"no candidate passed B_max_jaccard(min=0.3) this step (1/3 consecutive); holding last accepted membership, NOT switching",1.93577693826663,23.325876557030785
502,33,control,unresolved,12,,16,0,False,False,2,34,0,False,1,0.0,0.23529411764705882,"no candidate passed B_max_jaccard(min=0.3) this step (2/3 consecutive); holding last accepted membership, NOT switching",1.8191102715999634,23.34920989036412
502,34,control,continuing,20,8,17,1,False,False,0,34,0,False,1,0.0,0.29411764705882354,"B_max_jaccard(min=0.3) accepted candidate 8 (retained=11, R_old=0.917, R_new=0.550, jaccard=0.524)",1.879590292444421,22.43498462281554
502,35,control,continuing,20,7,17,1,False,False,0,34,0,False,1,0.15,0.38235294117647056,"B_max_jaccard(min=0.3) accepted candidate 7 (retained=20, R_old=1.000, R_new=1.000, jaccard=1.000)",1.7815902924444211,22.50498462281554
502,36,control,continuing,20,7,17,1,False,False,0,38,0,False,1,0.05,0.5526315789473685,"B_max_jaccard(min=0.3) accepted candidate 7 (retained=20, R_old=1.000, R_new=1.000, jaccard=1.000)",1.6975902924444206,22.61698462281554
502,37,control,continuing,20,10,15,1,False,False,0,38,0,False,1,0.05,0.4473684210526316,"B_max_jaccard(min=0.3) accepted candidate 10 (retained=20, R_old=1.000, R_new=1.000, jaccard=1.000)",1.599590292444421,22.714984622815543
502,38,control,continuing,20,8,16,1,False,False,0,38,0,False,1,0.2,0.4473684210526316,"B_max_jaccard(min=0.3) accepted candidate 8 (retained=20, R_old=1.000, R_new=1.000, jaccard=1.000)",1.5015902924444209,22.784984622815543
502,39,control,unresolved,20,,14,0,False,False,1,38,0,False,1,0.1,0.3157894736842105,"no candidate passed B_max_jaccard(min=0.3) this step (1/3 consecutive); holding last accepted membership, NOT switching",1.4315902924444224,22.882984622815542
502,40,control,unresolved,20,,14,0,False,False,2,38,0,False,1,0.15,0.34210526315789475,"no candidate passed B_max_jaccard(min=0.3) this step (2/3 consecutive); holding last accepted membership, NOT switching",1.3475902924444192,22.96698462281554
502,41,control,continuing,12,16,17,2,True,False,0,38,0,False,1,0.0,0.42105263157894735,"B_max_jaccard(min=0.3) accepted candidate 16 (retained=11, R_old=0.550, R_new=0.917, jaccard=0.524); 2 candidates passed the gate; chose max absolute retained count; SPLIT FLAG: 2 distinct candidates each retain >= 30% of the previous target",2.6333484790189314,23.005642260548502
502,42,control,continuing,24,7,14,1,False,False,0,38,0,False,1,0.16666666666666666,0.4473684210526316,"B_max_jaccard(min=0.3) accepted candidate 7 (retained=12, R_old=1.000, R_new=0.500, jaccard=0.500)",2.8663230645627804,0.4938302072767755
502,43,control,continuing,24,6,14,1,False,False,0,38,0,False,1,0.08333333333333333,0.34210526315789475,"B_max_jaccard(min=0.3) accepted candidate 6 (retained=24, R_old=1.000, R_new=1.000, jaccard=1.000)",2.772989731229447,0.5404968739434424
502,44,control,continuing,26,6,15,1,False,False,0,20,0,False,1,0.11538461538461539,0.65,"B_max_jaccard(min=0.3) accepted candidate 6 (retained=24, R_old=1.000, R_new=0.923, jaccard=0.923)",2.9314930851269825,0.9030348238661325
502,45,control,continuing,26,6,14,1,False,False,0,26,0,False,1,0.15384615384615385,0.5384615384615384,"B_max_jaccard(min=0.3) accepted candidate 6 (retained=26, R_old=1.000, R_new=1.000, jaccard=1.000)",2.8884161620500595,0.9676502084815174
502,46,control,continuing,26,5,14,1,False,False,0,26,0,False,1,0.15384615384615385,0.5,"B_max_jaccard(min=0.3) accepted candidate 5 (retained=26, R_old=1.000, R_new=1.000, jaccard=1.000)",2.8345700082039054,1.0430348238661327
502,47,control,continuing,24,7,14,1,False,False,0,20,0,False,1,0.16666666666666666,0.7,"B_max_jaccard(min=0.3) accepted candidate 7 (retained=24, R_old=0.923, R_new=1.000, jaccard=0.923)",2.545804830404781,1.0420097376594735
502,48,control,continuing,24,9,15,1,False,False,0,27,0,False,1,0.20833333333333334,0.6666666666666666,"B_max_jaccard(min=0.3) accepted candidate 9 (retained=23, R_old=0.958, R_new=0.958, jaccard=0.920)",2.4696563978961135,0.8904968739434421
502,49,control,continuing,24,9,15,1,False,False,0,27,0,False,1,0.25,0.6666666666666666,"B_max_jaccard(min=0.3) accepted candidate 9 (retained=24, R_old=1.000, R_new=1.000, jaccard=1.000)",2.3879897312294465,0.9021635406101093
502,50,control,continuing,24,10,13,1,False,False,0,33,0,False,1,0.25,0.9090909090909091,"B_max_jaccard(min=0.3) accepted candidate 10 (retained=24, R_old=1.000, R_new=1.000, jaccard=1.000)",2.3296563978961133,0.913830207276775
502,51,control,continuing,25,10,13,1,False,False,0,36,0,False,1,0.28,0.8888888888888888,"B_max_jaccard(min=0.3) accepted candidate 10 (retained=24, R_old=1.000, R_new=0.960, jaccard=0.960)",2.2561308269797387,0.7405989779044023
502,52,control,continuing,24,9,14,1,False,False,0,19,0,False,1,0.125,0.2631578947368421,"B_max_jaccard(min=0.3) accepted candidate 9 (retained=24, R_old=0.960, R_new=1.000, jaccard=0.960)",2.072590958667528,0.8029833301850655
502,53,release,continuing,24,9,14,1,False,False,0,20,0,False,1,0.20833333333333334,0.3,"B_max_jaccard(min=0.3) accepted candidate 9 (retained=24, R_old=1.000, R_new=1.000, jaccard=1.000)",2.002590958667528,0.8263166635183988
502,54,release,continuing,24,9,14,1,False,False,0,14,0,False,1,0.25,0.42857142857142855,"B_max_jaccard(min=0.3) accepted candidate 9 (retained=24, R_old=1.000, R_new=1.000, jaccard=1.000)",1.8975909586675281,0.814649996851732
502,55,release,continuing,24,8,13,1,False,False,0,14,0,False,1,0.25,0.21428571428571427,"B_max_jaccard(min=0.3) accepted candidate 8 (retained=24, R_old=1.000, R_new=1.000, jaccard=1.000)",1.769257625334195,0.7796499968517321
502,56,release,continuing,29,6,13,1,False,False,0,14,0,False,1,0.13793103448275862,0.14285714285714285,"B_max_jaccard(min=0.3) accepted candidate 6 (retained=24, R_old=1.000, R_new=0.828, jaccard=0.828)",1.1898374285473157,1.3129679189942742
502,57,release,continuing,34,4,13,1,False,False,0,21,0,False,1,0.11764705882352941,0.19047619047619047,"B_max_jaccard(min=0.3) accepted candidate 4 (retained=29, R_old=1.000, R_new=0.853, jaccard=0.853)",0.4306146299182063,1.385330131062101
502,58,release,continuing,30,6,13,1,False,False,0,20,0,False,1,0.1,0.15,"B_max_jaccard(min=0.3) accepted candidate 6 (retained=30, R_old=0.882, R_new=1.000, jaccard=0.882)",0.8353277232705916,1.3849030316610837
502,59,release,continuing,58,0,12,1,False,False,0,24,0,False,1,0.1206896551724138,0.125,"B_max_jaccard(min=0.3) accepted candidate 0 (retained=26, R_old=0.867, R_new=0.448, jaccard=0.419)",23.768947794823752,0.6009823368184474
502,60,release,continuing,58,0,12,1,False,False,0,29,0,False,1,0.10344827586206896,0.3448275862068966,"B_max_jaccard(min=0.3) accepted candidate 0 (retained=57, R_old=0.983, R_new=0.983, jaccard=0.966)",23.69600641476498,0.5868282423683089
502,61,release,continuing,59,0,12,1,False,False,0,29,0,False,1,0.2033898305084746,0.27586206896551724,"B_max_jaccard(min=0.3) accepted candidate 0 (retained=58, R_old=1.000, R_new=0.983, jaccard=0.983)",23.719344926580412,0.6958280304281
502,62,release,continuing,69,0,13,1,False,False,0,28,0,False,1,0.2028985507246377,0.17857142857142858,"B_max_jaccard(min=0.3) accepted candidate 0 (retained=59, R_old=1.000, R_new=0.855, jaccard=0.855)",23.207472706156793,1.1040104626473424
502,63,release,continuing,69,0,13,1,False,False,0,28,0,False,1,0.2028985507246377,0.14285714285714285,"B_max_jaccard(min=0.3) accepted candidate 0 (retained=68, R_old=0.986, R_new=0.986, jaccard=0.971)",23.11699495519405,1.2297573384958116
502,64,release,continuing,66,0,13,1,False,False,0,24,0,False,1,0.22727272727272727,0.041666666666666664,"B_max_jaccard(min=0.3) accepted candidate 0 (retained=66, R_old=0.957, R_new=1.000, jaccard=0.957)",23.02706697759702,1.0232351370452473
502,65,release,continuing,55,0,13,1,False,False,0,25,0,False,1,0.23636363636363636,0.08,"B_max_jaccard(min=0.3) accepted candidate 0 (retained=55, R_old=0.833, R_new=1.000, jaccard=0.833)",23.341285626201486,1.040097429021822
502,66,release,continuing,66,0,13,1,False,False,0,27,0,False,1,0.21212121212121213,0.037037037037037035,"B_max_jaccard(min=0.3) accepted candidate 0 (retained=55, R_old=1.000, R_new=0.833, jaccard=0.833)",22.904036674566715,1.0953563491664593
502,67,release,continuing,50,0,13,1,False,False,0,23,0,False,1,0.24,0.13043478260869565,"B_max_jaccard(min=0.3) accepted candidate 0 (retained=50, R_old=0.758, R_new=1.000, jaccard=0.758)",22.983256424124985,1.3645275804911277
502,68,release,continuing,58,1,11,1,False,False,0,34,0,False,1,0.2413793103448276,0.7352941176470589,"B_max_jaccard(min=0.3) accepted candidate 1 (retained=50, R_old=1.000, R_new=0.862, jaccard=0.862)",22.474842580539374,1.493170000210013
502,69,release,continuing,47,1,11,1,False,False,0,36,0,False,1,0.14893617021276595,0.7222222222222222,"B_max_jaccard(min=0.3) accepted candidate 1 (retained=47, R_old=0.810, R_new=1.000, jaccard=0.810)",22.49976012911911,2.0621032776567327
502,70,release,continuing,47,1,12,1,False,False,0,22,0,False,1,0.10638297872340426,0.8181818181818182,"B_max_jaccard(min=0.3) accepted candidate 1 (retained=47, R_old=1.000, R_new=1.000, jaccard=1.000)",22.42827076741698,2.163379873401414
502,71,release,continuing,50,0,12,1,False,False,0,27,0,False,1,0.12,0.7037037037037037,"B_max_jaccard(min=0.3) accepted candidate 0 (retained=47, R_old=1.000, R_new=0.940, jaccard=0.940)",22.403499149111685,2.525571827221823
502,72,release,continuing,50,0,12,1,False,False,0,27,0,False,1,0.16,0.7407407407407407,"B_max_jaccard(min=0.3) accepted candidate 0 (retained=50, R_old=1.000, R_new=1.000, jaccard=1.000)",22.308299149111683,2.5871718272218223
502,73,release,continuing,50,0,12,1,False,False,0,28,0,False,1,0.12,0.7142857142857143,"B_max_jaccard(min=0.3) accepted candidate 0 (retained=50, R_old=1.000, R_new=1.000, jaccard=1.000)",22.241099149111683,2.6655718272218225
502,74,release,continuing,49,1,11,1,False,False,0,28,0,False,1,0.10204081632653061,0.75,"B_max_jaccard(min=0.3) accepted candidate 1 (retained=49, R_old=0.980, R_new=1.000, jaccard=0.980)",22.19776785607188,2.743742031878613
502,75,release,continuing,49,0,12,1,False,False,0,27,0,False,1,0.04081632653061224,0.7777777777777778,"B_max_jaccard(min=0.3) accepted candidate 0 (retained=49, R_old=1.000, R_new=1.000, jaccard=1.000)",22.123482141786166,2.8808848890214707
502,76,release,continuing,50,1,12,1,False,False,0,28,0,False,1,0.1,0.75,"B_max_jaccard(min=0.3) accepted candidate 1 (retained=49, R_old=1.000, R_new=0.980, jaccard=0.980)",22.168385499884057,3.0432608562881063
