seed,t,hid,hyp_prob_prior,hyp_size_prior,cand_idx,r_retain,r_purity,dice,passes_gate,cand_size,prev_size,R_F,score,D_deform,bulk_delta,bulk_speed
504,2,0,1.0,44,0,0.022727272727272728,0.017543859649122806,0.019801980198019802,False,57,44,,,,,
504,2,0,1.0,44,1,0.29545454545454547,0.2708333333333333,0.2826086956521739,False,48,44,,,,,
504,2,0,1.0,44,2,0.0,0.0,0.0,False,47,44,,,,,
504,2,0,1.0,44,3,0.0,0.0,0.0,False,34,44,,,,,
504,2,0,1.0,44,4,0.22727272727272727,0.3125,0.2631578947368421,False,32,44,,,,,
504,2,0,1.0,44,5,0.0,0.0,0.0,False,28,44,,,,,
504,2,0,1.0,44,6,0.022727272727272728,0.045454545454545456,0.030303030303030304,False,22,44,,,,,
504,2,0,1.0,44,7,0.4318181818181818,0.9047619047619048,0.5846153846153846,True,21,44,0.30209455358196224,0.4716070522020157,0.31797462565265255,"[0.07394365847616413, 0.2656398369917845]",0.27573934725726296
504,2,0,1.0,44,8,0.0,0.0,0.0,False,21,44,,,,,
504,2,0,1.0,44,9,0.0,0.0,0.0,False,21,44,,,,,
504,2,0,1.0,44,10,0.0,0.0,0.0,False,18,44,,,,,
504,2,0,1.0,44,11,0.0,0.0,0.0,False,17,44,,,,,
504,2,0,1.0,44,12,0.0,0.0,0.0,False,16,44,,,,,
504,3,0,1.0,21,0,0.047619047619047616,0.020833333333333332,0.028985507246376812,False,48,21,,,,,
504,3,0,1.0,21,1,0.0,0.0,0.0,False,42,21,,,,,
504,3,0,1.0,21,2,0.0,0.0,0.0,False,41,21,,,,,
504,3,0,1.0,21,3,0.0,0.0,0.0,False,33,21,,,,,
504,3,0,1.0,21,4,0.0,0.0,0.0,False,32,21,,,,,
504,3,0,1.0,21,5,0.0,0.0,0.0,False,32,21,,,,,
504,3,0,1.0,21,6,0.9523809523809523,0.625,0.7547169811320755,True,32,21,0.4609820030402607,0.6372229898953496,0.24558347650528656,"[0.18234827630848005, 0.0709060082016677]",0.19564906304853277
504,3,0,1.0,21,7,0.0,0.0,0.0,False,28,21,,,,,
504,3,0,1.0,21,8,0.0,0.0,0.0,False,23,21,,,,,
504,3,0,1.0,21,9,0.0,0.0,0.0,False,21,21,,,,,
504,3,0,1.0,21,10,0.0,0.0,0.0,False,17,21,,,,,
504,3,0,1.0,21,11,0.0,0.0,0.0,False,16,21,,,,,
504,3,0,1.0,21,12,0.0,0.0,0.0,False,14,21,,,,,
504,3,0,1.0,21,13,0.0,0.0,0.0,False,12,21,,,,,
504,4,0,1.0,32,0,0.0,0.0,0.0,False,39,32,,,,,
504,4,0,1.0,32,1,0.0,0.0,0.0,False,38,32,,,,,
504,4,0,1.0,32,2,0.0,0.0,0.0,False,38,32,,,,,
504,4,0,1.0,32,3,0.0,0.0,0.0,False,33,32,,,,,
504,4,0,1.0,32,4,0.0,0.0,0.0,False,30,32,,,,,
504,4,0,1.0,32,5,0.25,0.26666666666666666,0.25806451612903225,False,30,32,,,,,
504,4,0,1.0,32,6,0.0,0.0,0.0,False,28,32,,,,,
504,4,0,1.0,32,7,0.0,0.0,0.0,False,26,32,,,,,
504,4,0,1.0,32,8,0.0,0.0,0.0,False,26,32,,,,,
504,4,0,1.0,32,9,0.6875,1.0,0.8148148148148148,True,22,32,0.43358358820976006,0.6623223241727929,0.2580665438662284,"[-0.41794659597427275, -0.13337940881455523]",0.4387133731517678
504,4,0,1.0,32,10,0.0625,0.09090909090909091,0.07407407407407407,False,22,32,,,,,
504,4,0,1.0,32,11,0.0,0.0,0.0,False,16,32,,,,,
504,4,0,1.0,32,12,0.0,0.0,0.0,False,15,32,,,,,
504,4,0,1.0,32,13,0.0,0.0,0.0,False,15,32,,,,,
504,4,0,1.0,32,14,0.0,0.0,0.0,False,12,32,,,,,
504,5,0,1.0,22,0,0.0,0.0,0.0,False,41,22,,,,,
504,5,0,1.0,22,1,0.0,0.0,0.0,False,38,22,,,,,
504,5,0,1.0,22,2,0.0,0.0,0.0,False,34,22,,,,,
504,5,0,1.0,22,3,0.0,0.0,0.0,False,33,22,,,,,
504,5,0,1.0,22,4,0.0,0.0,0.0,False,32,22,,,,,
504,5,0,1.0,22,5,0.0,0.0,0.0,False,31,22,,,,,
504,5,0,1.0,22,6,0.0,0.0,0.0,False,26,22,,,,,
504,5,0,1.0,22,7,0.09090909090909091,0.08,0.0851063829787234,False,25,22,,,,,
504,5,0,1.0,22,8,0.9090909090909091,0.8695652173913043,0.8888888888888888,True,23,22,0.6991279714294669,0.8129845219051202,0.1370811349088747,"[-0.3927503446580022, 0.09076539249387494]",0.40310195943898197
504,5,0,1.0,22,9,0.0,0.0,0.0,False,22,22,,,,,
504,5,0,1.0,22,10,0.0,0.0,0.0,False,19,22,,,,,
504,5,0,1.0,22,11,0.0,0.0,0.0,False,15,22,,,,,
504,5,0,1.0,22,12,0.0,0.0,0.0,False,14,22,,,,,
504,5,0,1.0,22,13,0.0,0.0,0.0,False,13,22,,,,,
504,5,0,1.0,22,14,0.0,0.0,0.0,False,12,22,,,,,
504,5,0,1.0,22,15,0.0,0.0,0.0,False,12,22,,,,,
504,6,0,1.0,23,0,0.0,0.0,0.0,False,41,23,,,,,
504,6,0,1.0,23,1,0.0,0.0,0.0,False,38,23,,,,,
504,6,0,1.0,23,2,0.043478260869565216,0.027777777777777776,0.03389830508474576,False,36,23,,,,,
504,6,0,1.0,23,3,0.0,0.0,0.0,False,32,23,,,,,
504,6,0,1.0,23,4,0.0,0.0,0.0,False,30,23,,,,,
504,6,0,1.0,23,5,0.0,0.0,0.0,False,28,23,,,,,
504,6,0,1.0,23,6,0.0,0.0,0.0,False,27,23,,,,,
504,6,0,1.0,23,7,0.0,0.0,0.0,False,26,23,,,,,
504,6,0,1.0,23,8,0.9565217391304348,0.9565217391304348,0.9565217391304348,True,23,23,0.737178621962761,0.8687844922633653,0.11974477305461168,"[0.00680478015641639, -0.1654215750773389]",0.1655614766002189
504,6,0,1.0,23,9,0.0,0.0,0.0,False,21,23,,,,,
504,6,0,1.0,23,10,0.0,0.0,0.0,False,21,23,,,,,
504,6,0,1.0,23,11,0.0,0.0,0.0,False,20,23,,,,,
504,6,0,1.0,23,12,0.0,0.0,0.0,False,20,23,,,,,
504,6,0,1.0,23,13,0.0,0.0,0.0,False,12,23,,,,,
504,6,0,1.0,23,14,0.0,0.0,0.0,False,12,23,,,,,
504,7,0,1.0,23,0,0.0,0.0,0.0,False,36,23,,,,,
504,7,0,1.0,23,1,0.0,0.0,0.0,False,32,23,,,,,
504,7,0,1.0,23,2,0.0,0.0,0.0,False,31,23,,,,,
504,7,0,1.0,23,3,0.0,0.0,0.0,False,29,23,,,,,
504,7,0,1.0,23,4,0.0,0.0,0.0,False,28,23,,,,,
504,7,0,1.0,23,5,0.0,0.0,0.0,False,26,23,,,,,
504,7,0,1.0,23,6,0.0,0.0,0.0,False,24,23,,,,,
504,7,0,1.0,23,7,0.0,0.0,0.0,False,23,23,,,,,
504,7,0,1.0,23,8,1.0,1.0,1.0,True,23,23,0.6695644202661697,0.8678257681064678,0.15055066600704825,"[-0.0608695652173914, -0.0486956521739117]",0.07795107767309478
504,7,0,1.0,23,9,0.0,0.0,0.0,False,21,23,,,,,
504,7,0,1.0,23,10,0.0,0.0,0.0,False,21,23,,,,,
504,7,0,1.0,23,11,0.0,0.0,0.0,False,20,23,,,,,
504,7,0,1.0,23,12,0.0,0.0,0.0,False,17,23,,,,,
504,7,0,1.0,23,13,0.0,0.0,0.0,False,16,23,,,,,
504,7,0,1.0,23,14,0.0,0.0,0.0,False,15,23,,,,,
504,7,0,1.0,23,15,0.0,0.0,0.0,False,14,23,,,,,
504,7,0,1.0,23,16,0.0,0.0,0.0,False,13,23,,,,,
504,8,0,1.0,23,0,0.0,0.0,0.0,False,39,23,,,,,
504,8,0,1.0,23,1,0.0,0.0,0.0,False,35,23,,,,,
504,8,0,1.0,23,2,0.0,0.0,0.0,False,30,23,,,,,
504,8,0,1.0,23,3,0.0,0.0,0.0,False,30,23,,,,,
504,8,0,1.0,23,4,0.0,0.0,0.0,False,24,23,,,,,
504,8,0,1.0,23,5,0.0,0.0,0.0,False,24,23,,,,,
504,8,0,1.0,23,6,1.0,1.0,1.0,True,23,23,0.6965438819779671,0.8786175527911868,0.1382584790322238,"[-0.06086956521739151, 0.0]",0.06086956521739151
504,8,0,1.0,23,7,0.0,0.0,0.0,False,23,23,,,,,
504,8,0,1.0,23,8,0.0,0.0,0.0,False,23,23,,,,,
504,8,0,1.0,23,9,0.0,0.0,0.0,False,21,23,,,,,
504,8,0,1.0,23,10,0.0,0.0,0.0,False,21,23,,,,,
504,8,0,1.0,23,11,0.0,0.0,0.0,False,20,23,,,,,
504,8,0,1.0,23,12,0.0,0.0,0.0,False,20,23,,,,,
504,8,0,1.0,23,13,0.0,0.0,0.0,False,15,23,,,,,
504,8,0,1.0,23,14,0.0,0.0,0.0,False,14,23,,,,,
504,8,0,1.0,23,15,0.0,0.0,0.0,False,13,23,,,,,
504,8,0,1.0,23,16,0.0,0.0,0.0,False,13,23,,,,,
504,8,0,1.0,23,17,0.0,0.0,0.0,False,12,23,,,,,
504,9,0,1.0,23,0,0.043478260869565216,0.02127659574468085,0.02857142857142857,False,47,23,,,,,
504,9,0,1.0,23,1,0.0,0.0,0.0,False,39,23,,,,,
504,9,0,1.0,23,2,0.0,0.0,0.0,False,38,23,,,,,
504,9,0,1.0,23,3,0.0,0.0,0.0,False,36,23,,,,,
504,9,0,1.0,23,4,0.2608695652173913,0.16666666666666666,0.2033898305084746,False,36,23,,,,,
504,9,0,1.0,23,5,0.0,0.0,0.0,False,24,23,,,,,
504,9,0,1.0,23,6,0.0,0.0,0.0,False,23,23,,,,,
504,9,0,1.0,23,7,0.0,0.0,0.0,False,23,23,,,,,
504,9,0,1.0,23,8,0.0,0.0,0.0,False,22,23,,,,,
504,9,0,1.0,23,9,0.0,0.0,0.0,False,21,23,,,,,
504,9,0,1.0,23,10,0.6956521739130435,1.0,0.8205128205128205,True,16,23,0.4969531834966624,0.6910889657063572,0.22919454774908776,"[-0.11209512071052119, 0.10781439072543364]",0.15552896493773366
504,9,0,1.0,23,11,0.0,0.0,0.0,False,16,23,,,,,
504,9,0,1.0,23,12,0.0,0.0,0.0,False,14,23,,,,,
504,9,0,1.0,23,13,0.0,0.0,0.0,False,13,23,,,,,
504,10,0,1.0,16,0,0.0,0.0,0.0,False,41,16,,,,,
504,10,0,1.0,16,1,0.0,0.0,0.0,False,40,16,,,,,
504,10,0,1.0,16,2,0.0,0.0,0.0,False,39,16,,,,,
504,10,0,1.0,16,3,0.0,0.0,0.0,False,37,16,,,,,
504,10,0,1.0,16,4,0.0,0.0,0.0,False,27,16,,,,,
504,10,0,1.0,16,5,0.0,0.0,0.0,False,23,16,,,,,
504,10,0,1.0,16,6,0.0,0.0,0.0,False,23,16,,,,,
504,10,0,1.0,16,7,0.0,0.0,0.0,False,22,16,,,,,
504,10,0,1.0,16,8,0.0,0.0,0.0,False,21,16,,,,,
504,10,0,1.0,16,9,1.0,1.0,1.0,True,16,16,0.6921004437987438,0.8768401775194975,0.14028296615852562,"[-0.10499999999999998, 0.0]",0.10499999999999998
504,10,0,1.0,16,10,0.0,0.0,0.0,False,16,16,,,,,
504,10,0,1.0,16,11,0.0,0.0,0.0,False,16,16,,,,,
504,10,0,1.0,16,12,0.0,0.0,0.0,False,15,16,,,,,
504,10,0,1.0,16,13,0.0,0.0,0.0,False,14,16,,,,,
504,10,0,1.0,16,14,0.0,0.0,0.0,False,13,16,,,,,
504,10,0,1.0,16,15,0.0,0.0,0.0,False,13,16,,,,,
504,11,0,1.0,16,0,0.0,0.0,0.0,False,31,16,,,,,
504,11,0,1.0,16,1,0.0,0.0,0.0,False,31,16,,,,,
504,11,0,1.0,16,2,0.0,0.0,0.0,False,28,16,,,,,
504,11,0,1.0,16,3,0.0,0.0,0.0,False,28,16,,,,,
504,11,0,1.0,16,4,0.0,0.0,0.0,False,27,16,,,,,
504,11,0,1.0,16,5,0.0,0.0,0.0,False,27,16,,,,,
504,11,0,1.0,16,6,0.0,0.0,0.0,False,25,16,,,,,
504,11,0,1.0,16,7,0.0,0.0,0.0,False,24,16,,,,,
504,11,0,1.0,16,8,0.0,0.0,0.0,False,23,16,,,,,
504,11,0,1.0,16,9,0.0,0.0,0.0,False,23,16,,,,,
504,11,0,1.0,16,10,0.0,0.0,0.0,False,21,16,,,,,
504,11,0,1.0,16,11,1.0,0.8888888888888888,0.9411764705882353,True,18,16,0.6766069014924709,0.8353486429499295,0.1473420217084657,"[-0.14888713744512305, 0.08889561377826283]",0.1734064873227557
504,11,0,1.0,16,12,0.0,0.0,0.0,False,17,16,,,,,
504,11,0,1.0,16,13,0.0,0.0,0.0,False,15,16,,,,,
504,11,0,1.0,16,14,0.0,0.0,0.0,False,14,16,,,,,
504,11,0,1.0,16,15,0.0,0.0,0.0,False,13,16,,,,,
504,11,0,1.0,16,16,0.0,0.0,0.0,False,12,16,,,,,
504,12,0,1.0,18,0,0.0,0.0,0.0,False,30,18,,,,,
504,12,0,1.0,18,1,0.0,0.0,0.0,False,28,18,,,,,
504,12,0,1.0,18,2,0.0,0.0,0.0,False,28,18,,,,,
504,12,0,1.0,18,3,0.0,0.0,0.0,False,26,18,,,,,
504,12,0,1.0,18,4,0.0,0.0,0.0,False,26,18,,,,,
504,12,0,1.0,18,5,0.0,0.0,0.0,False,25,18,,,,,
504,12,0,1.0,18,6,0.0,0.0,0.0,False,25,18,,,,,
504,12,0,1.0,18,7,0.0,0.0,0.0,False,24,18,,,,,
504,12,0,1.0,18,8,0.0,0.0,0.0,False,23,18,,,,,
504,12,0,1.0,18,9,0.0,0.0,0.0,False,22,18,,,,,
504,12,0,1.0,18,10,0.0,0.0,0.0,False,21,18,,,,,
504,12,0,1.0,18,11,1.0,0.9473684210526315,0.972972972972973,True,19,18,0.6382869052002731,0.8390985458638931,0.1648011009269478,"[-0.25362356561664634, 0.006846012480551167]",0.2537159453463364
504,12,0,1.0,18,12,0.0,0.0,0.0,False,16,18,,,,,
504,12,0,1.0,18,13,0.0,0.0,0.0,False,16,18,,,,,
504,12,0,1.0,18,14,0.0,0.0,0.0,False,15,18,,,,,
504,12,0,1.0,18,15,0.0,0.0,0.0,False,15,18,,,,,
504,12,0,1.0,18,16,0.0,0.0,0.0,False,14,18,,,,,
504,12,0,1.0,18,17,0.0,0.0,0.0,False,13,18,,,,,
504,13,0,1.0,19,0,0.0,0.0,0.0,False,38,19,,,,,
504,13,0,1.0,19,1,0.0,0.0,0.0,False,30,19,,,,,
504,13,0,1.0,19,2,0.0,0.0,0.0,False,28,19,,,,,
504,13,0,1.0,19,3,0.0,0.0,0.0,False,27,19,,,,,
504,13,0,1.0,19,4,0.0,0.0,0.0,False,26,19,,,,,
504,13,0,1.0,19,5,0.0,0.0,0.0,False,25,19,,,,,
504,13,0,1.0,19,6,0.0,0.0,0.0,False,25,19,,,,,
504,13,0,1.0,19,7,0.05263157894736842,0.041666666666666664,0.046511627906976744,False,24,19,,,,,
504,13,0,1.0,19,8,0.0,0.0,0.0,False,21,19,,,,,
504,13,0,1.0,19,9,0.0,0.0,0.0,False,20,19,,,,,
504,13,0,1.0,19,10,0.0,0.0,0.0,False,19,19,,,,,
504,13,0,1.0,19,11,0.9473684210526315,1.0,0.972972972972973,True,18,19,0.797940426955395,0.9029599545659419,0.09206091946717397,"[-0.24144835298389222, -0.11314509833923836]",0.26664418320456595
504,13,0,1.0,19,12,0.0,0.0,0.0,False,17,19,,,,,
504,13,0,1.0,19,13,0.0,0.0,0.0,False,17,19,,,,,
504,13,0,1.0,19,14,0.0,0.0,0.0,False,16,19,,,,,
504,13,0,1.0,19,15,0.0,0.0,0.0,False,15,19,,,,,
504,13,0,1.0,19,16,0.0,0.0,0.0,False,13,19,,,,,
504,13,0,1.0,19,17,0.0,0.0,0.0,False,13,19,,,,,
504,14,0,1.0,18,0,0.0,0.0,0.0,False,38,18,,,,,
504,14,0,1.0,18,1,0.0,0.0,0.0,False,31,18,,,,,
504,14,0,1.0,18,2,0.0,0.0,0.0,False,31,18,,,,,
504,14,0,1.0,18,3,0.0,0.0,0.0,False,30,18,,,,,
504,14,0,1.0,18,4,0.0,0.0,0.0,False,27,18,,,,,
504,14,0,1.0,18,5,0.0,0.0,0.0,False,26,18,,,,,
504,14,0,1.0,18,6,0.0,0.0,0.0,False,26,18,,,,,
504,14,0,1.0,18,7,0.0,0.0,0.0,False,26,18,,,,,
504,14,0,1.0,18,8,0.0,0.0,0.0,False,25,18,,,,,
504,14,0,1.0,18,9,0.0,0.0,0.0,False,20,18,,,,,
504,14,0,1.0,18,10,1.0,0.9473684210526315,0.972972972972973,True,19,18,0.7109986404365825,0.8681832399584168,0.1316727066566567,"[0.09407993193126085, 0.05419772991818661]",0.10857452519111183
504,14,0,1.0,18,11,0.0,0.0,0.0,False,17,18,,,,,
504,14,0,1.0,18,12,0.0,0.0,0.0,False,17,18,,,,,
504,14,0,1.0,18,13,0.0,0.0,0.0,False,15,18,,,,,
504,14,0,1.0,18,14,0.0,0.0,0.0,False,13,18,,,,,
504,14,0,1.0,18,15,0.0,0.0,0.0,False,13,18,,,,,
504,15,0,1.0,19,0,0.0,0.0,0.0,False,37,19,,,,,
504,15,0,1.0,19,1,0.0,0.0,0.0,False,33,19,,,,,
504,15,0,1.0,19,2,0.0,0.0,0.0,False,32,19,,,,,
504,15,0,1.0,19,3,0.0,0.0,0.0,False,31,19,,,,,
504,15,0,1.0,19,4,0.0,0.0,0.0,False,30,19,,,,,
504,15,0,1.0,19,5,0.0,0.0,0.0,False,26,19,,,,,
504,15,0,1.0,19,6,0.0,0.0,0.0,False,25,19,,,,,
504,15,0,1.0,19,7,0.0,0.0,0.0,False,25,19,,,,,
504,15,0,1.0,19,8,0.0,0.0,0.0,False,24,19,,,,,
504,15,0,1.0,19,9,0.0,0.0,0.0,False,21,19,,,,,
504,15,0,1.0,19,10,0.0,0.0,0.0,False,19,19,,,,,
504,15,0,1.0,19,11,0.9473684210526315,1.0,0.972972972972973,True,18,19,0.6672961619547142,0.8507022485656694,0.15158411343344444,"[0.10409161114145005, -0.17060963298921195]",0.19985672462726004
504,15,0,1.0,19,12,0.0,0.0,0.0,False,16,19,,,,,
504,15,0,1.0,19,13,0.0,0.0,0.0,False,16,19,,,,,
504,15,0,1.0,19,14,0.05263157894736842,0.07692307692307693,0.0625,False,13,19,,,,,
504,15,0,1.0,19,15,0.0,0.0,0.0,False,12,19,,,,,
504,16,0,1.0,18,0,0.0,0.0,0.0,False,37,18,,,,,
504,16,0,1.0,18,1,0.0,0.0,0.0,False,37,18,,,,,
504,16,0,1.0,18,2,0.0,0.0,0.0,False,33,18,,,,,
504,16,0,1.0,18,3,0.0,0.0,0.0,False,27,18,,,,,
504,16,0,1.0,18,4,0.0,0.0,0.0,False,25,18,,,,,
504,16,0,1.0,18,5,0.0,0.0,0.0,False,25,18,,,,,
504,16,0,1.0,18,6,0.0,0.0,0.0,False,24,18,,,,,
504,16,0,1.0,18,7,0.0,0.0,0.0,False,23,18,,,,,
504,16,0,1.0,18,8,0.0,0.0,0.0,False,22,18,,,,,
504,16,0,1.0,18,9,0.0,0.0,0.0,False,19,18,,,,,
504,16,0,1.0,18,10,0.9444444444444444,1.0,0.9714285714285714,True,17,18,0.739881078671116,0.8788095743255893,0.11851349929884422,"[0.1507027865404975, -0.13604618976824767]",0.2030268347325762
504,16,0,1.0,18,11,0.0,0.0,0.0,False,17,18,,,,,
504,16,0,1.0,18,12,0.0,0.0,0.0,False,16,18,,,,,
504,16,0,1.0,18,13,0.05555555555555555,0.0625,0.058823529411764705,False,16,18,,,,,
504,16,0,1.0,18,14,0.0,0.0,0.0,False,15,18,,,,,
504,16,0,1.0,18,15,0.0,0.0,0.0,False,13,18,,,,,
504,16,0,1.0,18,16,0.0,0.0,0.0,False,12,18,,,,,
504,17,0,1.0,17,0,0.058823529411764705,0.023809523809523808,0.03389830508474576,False,42,17,,,,,
504,17,0,1.0,17,1,0.0,0.0,0.0,False,38,17,,,,,
504,17,0,1.0,17,2,0.0,0.0,0.0,False,34,17,,,,,
504,17,0,1.0,17,3,0.0,0.0,0.0,False,26,17,,,,,
504,17,0,1.0,17,4,0.0,0.0,0.0,False,25,17,,,,,
504,17,0,1.0,17,5,0.0,0.0,0.0,False,25,17,,,,,
504,17,0,1.0,17,6,0.0,0.0,0.0,False,24,17,,,,,
504,17,0,1.0,17,7,0.0,0.0,0.0,False,23,17,,,,,
504,17,0,1.0,17,8,0.0,0.0,0.0,False,22,17,,,,,
504,17,0,1.0,17,9,0.0,0.0,0.0,False,19,17,,,,,
504,17,0,1.0,17,10,0.9411764705882353,0.8888888888888888,0.9142857142857143,True,18,17,0.6886493376259182,0.8240311636217958,0.14185533416199075,"[0.0577923370534581, -0.08976412938295297]",0.10675932346160698
504,17,0,1.0,17,11,0.0,0.0,0.0,False,16,17,,,,,
504,17,0,1.0,17,12,0.0,0.0,0.0,False,15,17,,,,,
504,17,0,1.0,17,13,0.0,0.0,0.0,False,14,17,,,,,
504,17,0,1.0,17,14,0.0,0.0,0.0,False,14,17,,,,,
504,17,0,1.0,17,15,0.0,0.0,0.0,False,13,17,,,,,
504,18,0,1.0,18,0,0.0,0.0,0.0,False,34,18,,,,,
504,18,0,1.0,18,1,0.0,0.0,0.0,False,33,18,,,,,
504,18,0,1.0,18,2,0.0,0.0,0.0,False,31,18,,,,,
504,18,0,1.0,18,3,0.0,0.0,0.0,False,30,18,,,,,
504,18,0,1.0,18,4,0.0,0.0,0.0,False,26,18,,,,,
504,18,0,1.0,18,5,0.0,0.0,0.0,False,23,18,,,,,
504,18,0,1.0,18,6,0.0,0.0,0.0,False,23,18,,,,,
504,18,0,1.0,18,7,0.0,0.0,0.0,False,22,18,,,,,
504,18,0,1.0,18,8,0.0,0.0,0.0,False,21,18,,,,,
504,18,0,1.0,18,9,0.0,0.0,0.0,False,19,18,,,,,
504,18,0,1.0,18,10,0.0,0.0,0.0,False,19,18,,,,,
504,18,0,1.0,18,11,0.0,0.0,0.0,False,18,18,,,,,
504,18,0,1.0,18,12,0.8888888888888888,0.9411764705882353,0.9142857142857143,True,17,18,0.7794194391263503,0.8603392042219686,0.1004993178231173,"[-0.09073351352404635, -0.14082410591116812]",0.16752313058828083
504,18,0,1.0,18,13,0.0,0.0,0.0,False,16,18,,,,,
504,18,0,1.0,18,14,0.1111111111111111,0.125,0.11764705882352941,False,16,18,,,,,
504,18,0,1.0,18,15,0.0,0.0,0.0,False,15,18,,,,,
504,18,0,1.0,18,16,0.0,0.0,0.0,False,15,18,,,,,
504,18,0,1.0,18,17,0.0,0.0,0.0,False,12,18,,,,,
504,19,0,1.0,17,0,0.0,0.0,0.0,False,34,17,,,,,
504,19,0,1.0,17,1,0.0,0.0,0.0,False,33,17,,,,,
504,19,0,1.0,17,2,0.0,0.0,0.0,False,32,17,,,,,
504,19,0,1.0,17,3,0.0,0.0,0.0,False,31,17,,,,,
504,19,0,1.0,17,4,0.0,0.0,0.0,False,31,17,,,,,
504,19,0,1.0,17,5,0.0,0.0,0.0,False,30,17,,,,,
504,19,0,1.0,17,6,0.0,0.0,0.0,False,28,17,,,,,
504,19,0,1.0,17,7,0.0,0.0,0.0,False,26,17,,,,,
504,19,0,1.0,17,8,0.0,0.0,0.0,False,22,17,,,,,
504,19,0,1.0,17,9,0.0,0.0,0.0,False,21,17,,,,,
504,19,0,1.0,17,10,1.0,0.85,0.918918918918919,True,20,17,0.6316519178835591,0.804012118504775,0.1678240858012892,"[-0.173796380889627, -0.022642607925526193]",0.17526514115476988
504,19,0,1.0,17,11,0.0,0.0,0.0,False,19,17,,,,,
504,19,0,1.0,17,12,0.0,0.0,0.0,False,19,17,,,,,
504,19,0,1.0,17,13,0.0,0.0,0.0,False,16,17,,,,,
504,19,0,1.0,17,14,0.0,0.0,0.0,False,13,17,,,,,
504,19,0,1.0,17,15,0.0,0.0,0.0,False,13,17,,,,,
504,19,0,1.0,17,16,0.0,0.0,0.0,False,12,17,,,,,
504,20,0,1.0,20,0,0.0,0.0,0.0,False,34,20,,,,,
504,20,0,1.0,20,1,0.0,0.0,0.0,False,33,20,,,,,
504,20,0,1.0,20,2,0.0,0.0,0.0,False,32,20,,,,,
504,20,0,1.0,20,3,0.0,0.0,0.0,False,32,20,,,,,
504,20,0,1.0,20,4,0.0,0.0,0.0,False,31,20,,,,,
504,20,0,1.0,20,5,0.0,0.0,0.0,False,31,20,,,,,
504,20,0,1.0,20,6,0.0,0.0,0.0,False,28,20,,,,,
504,20,0,1.0,20,7,0.0,0.0,0.0,False,26,20,,,,,
504,20,0,1.0,20,8,0.0,0.0,0.0,False,22,20,,,,,
504,20,0,1.0,20,9,1.0,1.0,1.0,True,20,20,0.694155761345645,0.877662304538258,0.13934653726127672,"[0.0, -0.11199999999999832]",0.11199999999999832
504,20,0,1.0,20,10,0.0,0.0,0.0,False,19,20,,,,,
504,20,0,1.0,20,11,0.0,0.0,0.0,False,19,20,,,,,
504,20,0,1.0,20,12,0.0,0.0,0.0,False,19,20,,,,,
504,20,0,1.0,20,13,0.0,0.0,0.0,False,16,20,,,,,
504,20,0,1.0,20,14,0.0,0.0,0.0,False,13,20,,,,,
504,20,0,1.0,20,15,0.0,0.0,0.0,False,13,20,,,,,
504,20,0,1.0,20,16,0.0,0.0,0.0,False,12,20,,,,,
504,21,0,1.0,20,0,0.0,0.0,0.0,False,36,20,,,,,
504,21,0,1.0,20,1,0.1,0.058823529411764705,0.07407407407407407,False,34,20,,,,,
504,21,0,1.0,20,2,0.0,0.0,0.0,False,34,20,,,,,
504,21,0,1.0,20,3,0.0,0.0,0.0,False,33,20,,,,,
504,21,0,1.0,20,4,0.0,0.0,0.0,False,33,20,,,,,
504,21,0,1.0,20,5,0.0,0.0,0.0,False,32,20,,,,,
504,21,0,1.0,20,6,0.0,0.0,0.0,False,31,20,,,,,
504,21,0,1.0,20,7,0.0,0.0,0.0,False,30,20,,,,,
504,21,0,1.0,20,8,0.0,0.0,0.0,False,27,20,,,,,
504,21,0,1.0,20,9,0.9,0.9473684210526315,0.9230769230769231,True,19,20,0.66374522289889,0.8193442430057098,0.15320196657212698,"[0.009264458470054082, -0.3794808426881531]",0.3795939148064075
504,21,0,1.0,20,10,0.0,0.0,0.0,False,19,20,,,,,
504,21,0,1.0,20,11,0.0,0.0,0.0,False,16,20,,,,,
504,21,0,1.0,20,12,0.0,0.0,0.0,False,15,20,,,,,
504,21,0,1.0,20,13,0.0,0.0,0.0,False,13,20,,,,,
504,21,0,1.0,20,14,0.0,0.0,0.0,False,13,20,,,,,
504,22,0,1.0,19,0,0.0,0.0,0.0,False,42,19,,,,,
504,22,0,1.0,19,1,0.0,0.0,0.0,False,39,19,,,,,
504,22,0,1.0,19,2,0.0,0.0,0.0,False,33,19,,,,,
504,22,0,1.0,19,3,0.0,0.0,0.0,False,33,19,,,,,
504,22,0,1.0,19,4,0.0,0.0,0.0,False,33,19,,,,,
504,22,0,1.0,19,5,0.0,0.0,0.0,False,29,19,,,,,
504,22,0,1.0,19,6,0.0,0.0,0.0,False,27,19,,,,,
504,22,0,1.0,19,7,0.0,0.0,0.0,False,25,19,,,,,
504,22,0,1.0,19,8,0.0,0.0,0.0,False,22,19,,,,,
504,22,0,1.0,19,9,0.0,0.0,0.0,False,21,19,,,,,
504,22,0,1.0,19,10,1.0,1.0,1.0,True,19,19,0.8059774168570303,0.9223909667428121,0.08839916432761617,"[0.02947368421052654, -0.1915789473684235]",0.19383289487528949
504,22,0,1.0,19,11,0.0,0.0,0.0,False,16,19,,,,,
504,22,0,1.0,19,12,0.0,0.0,0.0,False,16,19,,,,,
504,22,0,1.0,19,13,0.0,0.0,0.0,False,13,19,,,,,
504,22,0,1.0,19,14,0.0,0.0,0.0,False,12,19,,,,,
504,23,0,1.0,19,0,0.0,0.0,0.0,False,49,19,,,,,
504,23,0,1.0,19,1,0.0,0.0,0.0,False,36,19,,,,,
504,23,0,1.0,19,2,0.0,0.0,0.0,False,34,19,,,,,
504,23,0,1.0,19,3,0.0,0.0,0.0,False,33,19,,,,,
504,23,0,1.0,19,4,0.0,0.0,0.0,False,33,19,,,,,
504,23,0,1.0,19,5,0.0,0.0,0.0,False,27,19,,,,,
504,23,0,1.0,19,6,0.0,0.0,0.0,False,27,19,,,,,
504,23,0,1.0,19,7,0.0,0.0,0.0,False,24,19,,,,,
504,23,0,1.0,19,8,1.0,0.8260869565217391,0.9047619047619048,True,23,19,0.5998713684697197,0.7828056902450307,0.1823037095881026,"[0.11624949709175669, -0.30797613696509885]",0.3291857325493188
504,23,0,1.0,19,9,0.0,0.0,0.0,False,22,19,,,,,
504,23,0,1.0,19,10,0.0,0.0,0.0,False,17,19,,,,,
504,23,0,1.0,19,11,0.0,0.0,0.0,False,16,19,,,,,
504,23,0,1.0,19,12,0.0,0.0,0.0,False,16,19,,,,,
504,23,0,1.0,19,13,0.0,0.0,0.0,False,15,19,,,,,
504,23,0,1.0,19,14,0.0,0.0,0.0,False,15,19,,,,,
504,23,0,1.0,19,15,0.0,0.0,0.0,False,13,19,,,,,
504,24,0,1.0,23,0,0.0,0.0,0.0,False,48,23,,,,,
504,24,0,1.0,23,1,0.0,0.0,0.0,False,36,23,,,,,
504,24,0,1.0,23,2,0.0,0.0,0.0,False,33,23,,,,,
504,24,0,1.0,23,3,0.0,0.0,0.0,False,33,23,,,,,
504,24,0,1.0,23,4,0.043478260869565216,0.030303030303030304,0.03571428571428571,False,33,23,,,,,
504,24,0,1.0,23,5,0.0,0.0,0.0,False,27,23,,,,,
504,24,0,1.0,23,6,0.0,0.0,0.0,False,26,23,,,,,
504,24,0,1.0,23,7,0.0,0.0,0.0,False,23,23,,,,,
504,24,0,1.0,23,8,0.9565217391304348,1.0,0.9777777777777777,True,22,23,0.7433351173037688,0.8840007135881742,0.11693979522926788,"[-0.07047246793948259, -0.2266582605239158]",0.2373611927026166
504,24,0,1.0,23,9,0.0,0.0,0.0,False,21,23,,,,,
504,24,0,1.0,23,10,0.0,0.0,0.0,False,18,23,,,,,
504,24,0,1.0,23,11,0.0,0.0,0.0,False,17,23,,,,,
504,24,0,1.0,23,12,0.0,0.0,0.0,False,17,23,,,,,
504,24,0,1.0,23,13,0.0,0.0,0.0,False,13,23,,,,,
504,24,0,1.0,23,14,0.0,0.0,0.0,False,13,23,,,,,
504,25,0,1.0,22,0,0.0,0.0,0.0,False,49,22,,,,,
504,25,0,1.0,22,1,0.0,0.0,0.0,False,35,22,,,,,
504,25,0,1.0,22,2,0.0,0.0,0.0,False,33,22,,,,,
504,25,0,1.0,22,3,0.0,0.0,0.0,False,33,22,,,,,
504,25,0,1.0,22,4,0.0,0.0,0.0,False,29,22,,,,,
504,25,0,1.0,22,5,0.0,0.0,0.0,False,27,22,,,,,
504,25,0,1.0,22,6,0.0,0.0,0.0,False,27,22,,,,,
504,25,0,1.0,22,7,0.0,0.0,0.0,False,26,22,,,,,
504,25,0,1.0,22,8,0.0,0.0,0.0,False,24,22,,,,,
504,25,0,1.0,22,9,1.0,0.9565217391304348,0.9777777777777777,True,23,22,0.6760989901749866,0.8571062627366614,0.1475734325849257,"[0.033950728809047925, 0.04404956487174161]",0.05561489145952988
504,25,0,1.0,22,10,0.0,0.0,0.0,False,21,22,,,,,
504,25,0,1.0,22,11,0.0,0.0,0.0,False,19,22,,,,,
504,25,0,1.0,22,12,0.0,0.0,0.0,False,16,22,,,,,
504,25,0,1.0,22,13,0.0,0.0,0.0,False,15,22,,,,,
504,25,0,1.0,22,14,0.0,0.0,0.0,False,12,22,,,,,
504,26,0,1.0,23,0,0.0,0.0,0.0,False,48,23,,,,,
504,26,0,1.0,23,1,0.0,0.0,0.0,False,36,23,,,,,
504,26,0,1.0,23,2,0.0,0.0,0.0,False,33,23,,,,,
504,26,0,1.0,23,3,0.0,0.0,0.0,False,32,23,,,,,
504,26,0,1.0,23,4,0.0,0.0,0.0,False,31,23,,,,,
504,26,0,1.0,23,5,0.0,0.0,0.0,False,30,23,,,,,
504,26,0,1.0,23,6,0.0,0.0,0.0,False,29,23,,,,,
504,26,0,1.0,23,7,0.0,0.0,0.0,False,26,23,,,,,
504,26,0,1.0,23,8,0.0,0.0,0.0,False,26,23,,,,,
504,26,0,1.0,23,9,1.0,1.0,1.0,True,23,23,0.6857553129104061,0.8743021251641625,0.14317388874594977,"[-0.024347826086956514, -0.1826086956521742]",0.18422473330948008
504,26,0,1.0,23,10,0.0,0.0,0.0,False,23,23,,,,,
504,26,0,1.0,23,11,0.0,0.0,0.0,False,21,23,,,,,
504,26,0,1.0,23,12,0.0,0.0,0.0,False,18,23,,,,,
504,26,0,1.0,23,13,0.0,0.0,0.0,False,13,23,,,,,
504,27,0,1.0,23,0,0.0,0.0,0.0,False,49,23,,,,,
504,27,0,1.0,23,1,0.0,0.0,0.0,False,33,23,,,,,
504,27,0,1.0,23,2,0.0,0.0,0.0,False,32,23,,,,,
504,27,0,1.0,23,3,0.0,0.0,0.0,False,29,23,,,,,
504,27,0,1.0,23,4,0.0,0.0,0.0,False,29,23,,,,,
504,27,0,1.0,23,5,0.0,0.0,0.0,False,27,23,,,,,
504,27,0,1.0,23,6,0.0,0.0,0.0,False,27,23,,,,,
504,27,0,1.0,23,7,0.0,0.0,0.0,False,26,23,,,,,
504,27,0,1.0,23,8,1.0,0.92,0.9583333333333334,True,25,23,0.6466698612016013,0.8336679444806405,0.16098171921834256,"[-0.11000693841638665, -0.31549180372899954]",0.3341206439595199
504,27,0,1.0,23,9,0.0,0.0,0.0,False,23,23,,,,,
504,27,0,1.0,23,10,0.0,0.0,0.0,False,20,23,,,,,
504,27,0,1.0,23,11,0.0,0.0,0.0,False,19,23,,,,,
504,27,0,1.0,23,12,0.0,0.0,0.0,False,18,23,,,,,
504,27,0,1.0,23,13,0.0,0.0,0.0,False,16,23,,,,,
504,27,0,1.0,23,14,0.0,0.0,0.0,False,14,23,,,,,
504,27,0,1.0,23,15,0.0,0.0,0.0,False,13,23,,,,,
504,28,0,1.0,25,0,0.0,0.0,0.0,False,44,25,,,,,
504,28,0,1.0,25,1,0.0,0.0,0.0,False,39,25,,,,,
504,28,0,1.0,25,2,0.0,0.0,0.0,False,38,25,,,,,
504,28,0,1.0,25,3,0.0,0.0,0.0,False,34,25,,,,,
504,28,0,1.0,25,4,0.0,0.0,0.0,False,32,25,,,,,
504,28,0,1.0,25,5,0.0,0.0,0.0,False,32,25,,,,,
504,28,0,1.0,25,6,0.0,0.0,0.0,False,31,25,,,,,
504,28,0,1.0,25,7,0.0,0.0,0.0,False,30,25,,,,,
504,28,0,1.0,25,8,0.88,0.9565217391304348,0.9166666666666666,True,23,25,0.6426170475251121,0.8070468190100448,0.16282823283739484,"[0.15492562782524355, -0.194848798675892]",0.2489337351635655
504,28,0,1.0,25,9,0.12,0.13043478260869565,0.125,False,23,25,,,,,
504,28,0,1.0,25,10,0.0,0.0,0.0,False,22,25,,,,,
504,28,0,1.0,25,11,0.0,0.0,0.0,False,21,25,,,,,
504,28,0,1.0,25,12,0.0,0.0,0.0,False,18,25,,,,,
504,28,0,1.0,25,13,0.0,0.0,0.0,False,13,25,,,,,
504,29,0,1.0,23,0,0.0,0.0,0.0,False,41,23,,,,,
504,29,0,1.0,23,1,0.0,0.0,0.0,False,40,23,,,,,
504,29,0,1.0,23,2,0.0,0.0,0.0,False,39,23,,,,,
504,29,0,1.0,23,3,0.0,0.0,0.0,False,34,23,,,,,
504,29,0,1.0,23,4,0.0,0.0,0.0,False,32,23,,,,,
504,29,0,1.0,23,5,0.0,0.0,0.0,False,31,23,,,,,
504,29,0,1.0,23,6,0.0,0.0,0.0,False,30,23,,,,,
504,29,0,1.0,23,7,0.0,0.0,0.0,False,26,23,,,,,
504,29,0,1.0,23,8,0.08695652173913043,0.08333333333333333,0.0851063829787234,False,24,23,,,,,
504,29,0,1.0,23,9,0.9130434782608695,0.9545454545454546,0.9333333333333333,True,22,23,0.6157000190348025,0.8062800076139209,0.17509197443995175,"[0.25356604981076325, -0.39844808860867076]",0.4722887050655961
504,29,0,1.0,23,10,0.0,0.0,0.0,False,21,23,,,,,
504,29,0,1.0,23,11,0.0,0.0,0.0,False,19,23,,,,,
504,29,0,1.0,23,12,0.0,0.0,0.0,False,17,23,,,,,
504,29,0,1.0,23,13,0.0,0.0,0.0,False,13,23,,,,,
504,30,0,1.0,22,0,0.0,0.0,0.0,False,40,22,,,,,
504,30,0,1.0,22,1,0.0,0.0,0.0,False,39,22,,,,,
504,30,0,1.0,22,2,0.0,0.0,0.0,False,38,22,,,,,
504,30,0,1.0,22,3,0.0,0.0,0.0,False,35,22,,,,,
504,30,0,1.0,22,4,0.0,0.0,0.0,False,34,22,,,,,
504,30,0,1.0,22,5,0.0,0.0,0.0,False,31,22,,,,,
504,30,0,1.0,22,6,0.18181818181818182,0.12903225806451613,0.1509433962264151,False,31,22,,,,,
504,30,0,1.0,22,7,0.0,0.0,0.0,False,25,22,,,,,
504,30,0,1.0,22,8,0.0,0.0,0.0,False,22,22,,,,,
504,30,0,1.0,22,9,0.0,0.0,0.0,False,19,22,,,,,
504,30,0,1.0,22,10,0.0,0.0,0.0,False,19,22,,,,,
504,30,0,1.0,22,11,0.8181818181818182,1.0,0.9,True,18,22,0.6507525641434977,0.8003010256573991,0.15912158766862705,"[-0.2671629336616719, -0.13018189682071224]",0.2971924618535091
504,30,0,1.0,22,12,0.0,0.0,0.0,False,17,22,,,,,
504,30,0,1.0,22,13,0.0,0.0,0.0,False,14,22,,,,,
504,31,0,1.0,18,0,0.0,0.0,0.0,False,40,18,,,,,
504,31,0,1.0,18,1,0.0,0.0,0.0,False,35,18,,,,,
504,31,0,1.0,18,2,0.0,0.0,0.0,False,35,18,,,,,
504,31,0,1.0,18,3,0.0,0.0,0.0,False,34,18,,,,,
504,31,0,1.0,18,4,0.0,0.0,0.0,False,31,18,,,,,
504,31,0,1.0,18,5,0.0,0.0,0.0,False,31,18,,,,,
504,31,0,1.0,18,6,0.0,0.0,0.0,False,31,18,,,,,
504,31,0,1.0,18,7,0.05555555555555555,0.03333333333333333,0.041666666666666664,False,30,18,,,,,
504,31,0,1.0,18,8,0.0,0.0,0.0,False,24,18,,,,,
504,31,0,1.0,18,9,0.0,0.0,0.0,False,20,18,,,,,
504,31,0,1.0,18,10,0.9444444444444444,0.8947368421052632,0.918918918918919,True,19,18,0.6320230930794626,0.8041605885831364,0.1676549736463767,"[-0.02015308526318771, -0.2775437949413373]",0.278274513666028
504,31,0,1.0,18,11,0.0,0.0,0.0,False,19,18,,,,,
504,31,0,1.0,18,12,0.0,0.0,0.0,False,17,18,,,,,
504,31,0,1.0,18,13,0.0,0.0,0.0,False,13,18,,,,,
504,31,0,1.0,18,14,0.0,0.0,0.0,False,12,18,,,,,
504,32,0,1.0,19,0,0.0,0.0,0.0,False,42,19,,,,,
504,32,0,1.0,19,1,0.0,0.0,0.0,False,41,19,,,,,
504,32,0,1.0,19,2,0.0,0.0,0.0,False,35,19,,,,,
504,32,0,1.0,19,3,0.0,0.0,0.0,False,32,19,,,,,
504,32,0,1.0,19,4,0.0,0.0,0.0,False,32,19,,,,,
504,32,0,1.0,19,5,0.0,0.0,0.0,False,29,19,,,,,
504,32,0,1.0,19,6,0.05263157894736842,0.034482758620689655,0.041666666666666664,False,29,19,,,,,
504,32,0,1.0,19,7,0.0,0.0,0.0,False,24,19,,,,,
504,32,0,1.0,19,8,0.0,0.0,0.0,False,23,19,,,,,
504,32,0,1.0,19,9,0.0,0.0,0.0,False,19,19,,,,,
504,32,0,1.0,19,10,0.9473684210526315,1.0,0.972972972972973,True,18,19,0.751022127605008,0.884192634825787,0.11343749526088429,"[-0.08073472199971987, -0.0950210916829839]",0.1246880234866127
504,32,0,1.0,19,11,0.0,0.0,0.0,False,17,19,,,,,
504,32,0,1.0,19,12,0.0,0.0,0.0,False,17,19,,,,,
504,32,0,1.0,19,13,0.0,0.0,0.0,False,14,19,,,,,
504,32,0,1.0,19,14,0.0,0.0,0.0,False,13,19,,,,,
504,33,0,1.0,18,0,0.0,0.0,0.0,False,43,18,,,,,
504,33,0,1.0,18,1,0.0,0.0,0.0,False,41,18,,,,,
504,33,0,1.0,18,2,0.0,0.0,0.0,False,34,18,,,,,
504,33,0,1.0,18,3,1.0,0.5454545454545454,0.7058823529411765,True,33,18,0.29649240287147993,0.5421263729132979,0.3205270369916928,"[-0.027566027350293343, -0.9243820446297057]",0.9247929769941338
504,33,0,1.0,18,4,0.0,0.0,0.0,False,31,18,,,,,
504,33,0,1.0,18,5,0.0,0.0,0.0,False,30,18,,,,,
504,33,0,1.0,18,6,0.0,0.0,0.0,False,28,18,,,,,
504,33,0,1.0,18,7,0.0,0.0,0.0,False,28,18,,,,,
504,33,0,1.0,18,8,0.0,0.0,0.0,False,27,18,,,,,
504,33,0,1.0,18,9,0.0,0.0,0.0,False,19,18,,,,,
504,33,0,1.0,18,10,0.0,0.0,0.0,False,18,18,,,,,
504,33,0,1.0,18,11,0.0,0.0,0.0,False,17,18,,,,,
504,33,0,1.0,18,12,0.0,0.0,0.0,False,14,18,,,,,
504,33,0,1.0,18,13,0.0,0.0,0.0,False,14,18,,,,,
504,33,0,1.0,18,14,0.0,0.0,0.0,False,13,18,,,,,
504,34,0,1.0,33,0,0.0,0.0,0.0,False,44,33,,,,,
504,34,0,1.0,33,1,0.0,0.0,0.0,False,41,33,,,,,
504,34,0,1.0,33,2,0.0,0.0,0.0,False,33,33,,,,,
504,34,0,1.0,33,3,0.9696969696969697,1.0,0.9846153846153847,True,32,33,0.7161545478029991,0.8772310498904305,0.12932360947859273,"[-0.06817267954203055, -0.11843071208144806]",0.13665045846999285
504,34,0,1.0,33,4,0.0,0.0,0.0,False,31,33,,,,,
504,34,0,1.0,33,5,0.0,0.0,0.0,False,31,33,,,,,
504,34,0,1.0,33,6,0.0,0.0,0.0,False,27,33,,,,,
504,34,0,1.0,33,7,0.0,0.0,0.0,False,26,33,,,,,
504,34,0,1.0,33,8,0.0,0.0,0.0,False,24,33,,,,,
504,34,0,1.0,33,9,0.0,0.0,0.0,False,21,33,,,,,
504,34,0,1.0,33,10,0.0,0.0,0.0,False,17,33,,,,,
504,34,0,1.0,33,11,0.0,0.0,0.0,False,17,33,,,,,
504,34,0,1.0,33,12,0.0,0.0,0.0,False,16,33,,,,,
504,34,0,1.0,33,13,0.030303030303030304,0.06666666666666667,0.041666666666666664,False,15,33,,,,,
504,34,0,1.0,33,14,0.0,0.0,0.0,False,14,33,,,,,
504,35,0,1.0,32,0,0.0,0.0,0.0,False,41,32,,,,,
504,35,0,1.0,32,1,0.0,0.0,0.0,False,40,32,,,,,
504,35,0,1.0,32,2,0.0,0.0,0.0,False,38,32,,,,,
504,35,0,1.0,32,3,1.0,1.0,1.0,True,32,32,0.8303088583964735,0.9321235433585894,0.0773134491282257,"[-0.026250000000000107, -0.11374999999999957]",0.11673956056110503
504,35,0,1.0,32,4,0.0,0.0,0.0,False,32,32,,,,,
504,35,0,1.0,32,5,0.0,0.0,0.0,False,29,32,,,,,
504,35,0,1.0,32,6,0.0,0.0,0.0,False,27,32,,,,,
504,35,0,1.0,32,7,0.0,0.0,0.0,False,27,32,,,,,
504,35,0,1.0,32,8,0.0,0.0,0.0,False,23,32,,,,,
504,35,0,1.0,32,9,0.0,0.0,0.0,False,21,32,,,,,
504,35,0,1.0,32,10,0.0,0.0,0.0,False,18,32,,,,,
504,35,0,1.0,32,11,0.0,0.0,0.0,False,17,32,,,,,
504,35,0,1.0,32,12,0.0,0.0,0.0,False,15,32,,,,,
504,35,0,1.0,32,13,0.0,0.0,0.0,False,15,32,,,,,
504,35,0,1.0,32,14,0.0,0.0,0.0,False,14,32,,,,,
504,36,0,1.0,32,0,0.0,0.0,0.0,False,44,32,,,,,
504,36,0,1.0,32,1,0.0,0.0,0.0,False,44,32,,,,,
504,36,0,1.0,32,2,0.0,0.0,0.0,False,40,32,,,,,
504,36,0,1.0,32,3,0.0,0.0,0.0,False,39,32,,,,,
504,36,0,1.0,32,4,0.0,0.0,0.0,False,39,32,,,,,
504,36,0,1.0,32,5,1.0,1.0,1.0,True,32,32,0.6916402048283974,0.8766560819313589,0.14049265690539936,"[-0.034999999999999476, -0.10500000000000043]",0.11067971810589351
504,36,0,1.0,32,6,0.0,0.0,0.0,False,28,32,,,,,
504,36,0,1.0,32,7,0.0,0.0,0.0,False,26,32,,,,,
504,36,0,1.0,32,8,0.0,0.0,0.0,False,23,32,,,,,
504,36,0,1.0,32,9,0.0,0.0,0.0,False,21,32,,,,,
504,36,0,1.0,32,10,0.0,0.0,0.0,False,16,32,,,,,
504,36,0,1.0,32,11,0.0,0.0,0.0,False,14,32,,,,,
504,36,0,1.0,32,12,0.0,0.0,0.0,False,12,32,,,,,
504,37,0,1.0,32,0,0.0,0.0,0.0,False,44,32,,,,,
504,37,0,1.0,32,1,0.0,0.0,0.0,False,40,32,,,,,
504,37,0,1.0,32,2,0.0,0.0,0.0,False,38,32,,,,,
504,37,0,1.0,32,3,0.0,0.0,0.0,False,35,32,,,,,
504,37,0,1.0,32,4,0.0,0.0,0.0,False,33,32,,,,,
504,37,0,1.0,32,5,0.90625,1.0,0.9508196721311475,True,29,32,0.7788342463195859,0.8820255018065228,0.10076593913209339,"[-0.12502193764636083, -0.015766496994938706]",0.12601217131825776
504,37,0,1.0,32,6,0.0,0.0,0.0,False,28,32,,,,,
504,37,0,1.0,32,7,0.0,0.0,0.0,False,27,32,,,,,
504,37,0,1.0,32,8,0.0,0.0,0.0,False,26,32,,,,,
504,37,0,1.0,32,9,0.0,0.0,0.0,False,23,32,,,,,
504,37,0,1.0,32,10,0.0,0.0,0.0,False,21,32,,,,,
504,37,0,1.0,32,11,0.09375,0.17647058823529413,0.12244897959183673,False,17,32,,,,,
504,37,0,1.0,32,12,0.0,0.0,0.0,False,16,32,,,,,
504,37,0,1.0,32,13,0.0,0.0,0.0,False,12,32,,,,,
504,38,0,1.0,29,0,0.0,0.0,0.0,False,55,29,,,,,
504,38,0,1.0,29,1,0.0,0.0,0.0,False,45,29,,,,,
504,38,0,1.0,29,2,0.0,0.0,0.0,False,40,29,,,,,
504,38,0,1.0,29,3,0.0,0.0,0.0,False,38,29,,,,,
504,38,0,1.0,29,4,0.0,0.0,0.0,False,38,29,,,,,
504,38,0,1.0,29,5,1.0,0.9666666666666667,0.9830508474576272,True,30,29,0.7725138013754524,0.8988360290247572,0.10364561448838111,"[0.017611682163727105, -0.03221095548960662]",0.036711265330815854
504,38,0,1.0,29,6,0.0,0.0,0.0,False,28,29,,,,,
504,38,0,1.0,29,7,0.0,0.0,0.0,False,26,29,,,,,
504,38,0,1.0,29,8,0.0,0.0,0.0,False,25,29,,,,,
504,38,0,1.0,29,9,0.0,0.0,0.0,False,21,29,,,,,
504,38,0,1.0,29,10,0.0,0.0,0.0,False,16,29,,,,,
504,38,0,1.0,29,11,0.0,0.0,0.0,False,15,29,,,,,
504,38,0,1.0,29,12,0.0,0.0,0.0,False,12,29,,,,,
504,39,0,1.0,30,0,0.0,0.0,0.0,False,54,30,,,,,
504,39,0,1.0,30,1,0.0,0.0,0.0,False,46,30,,,,,
504,39,0,1.0,30,2,0.0,0.0,0.0,False,39,30,,,,,
504,39,0,1.0,30,3,0.0,0.0,0.0,False,38,30,,,,,
504,39,0,1.0,30,4,0.0,0.0,0.0,False,32,30,,,,,
504,39,0,1.0,30,5,0.9666666666666667,1.0,0.9830508474576272,True,29,30,0.8027992656337198,0.9109502147280643,0.08984717057357167,"[-0.0658875442326925, -0.22847869968281032]",0.23778916016875715
504,39,0,1.0,30,6,0.0,0.0,0.0,False,28,30,,,,,
504,39,0,1.0,30,7,0.0,0.0,0.0,False,27,30,,,,,
504,39,0,1.0,30,8,0.0,0.0,0.0,False,26,30,,,,,
504,39,0,1.0,30,9,0.0,0.0,0.0,False,21,30,,,,,
504,39,0,1.0,30,10,0.0,0.0,0.0,False,21,30,,,,,
504,39,0,1.0,30,11,0.03333333333333333,0.058823529411764705,0.0425531914893617,False,17,30,,,,,
504,40,0,1.0,29,0,0.0,0.0,0.0,False,47,29,,,,,
504,40,0,1.0,29,1,0.0,0.0,0.0,False,42,29,,,,,
504,40,0,1.0,29,2,0.0,0.0,0.0,False,40,29,,,,,
504,40,0,1.0,29,3,0.0,0.0,0.0,False,32,29,,,,,
504,40,0,1.0,29,4,1.0,0.9666666666666667,0.9830508474576272,True,30,29,0.8421569655116181,0.9266932946792236,0.07191530036184678,"[-0.0011917925132560736, -0.10721934497149377]",0.10722596842887845
504,40,0,1.0,29,5,0.0,0.0,0.0,False,28,29,,,,,
504,40,0,1.0,29,6,0.0,0.0,0.0,False,28,29,,,,,
504,40,0,1.0,29,7,0.0,0.0,0.0,False,23,29,,,,,
504,40,0,1.0,29,8,0.0,0.0,0.0,False,23,29,,,,,
504,40,0,1.0,29,9,0.0,0.0,0.0,False,22,29,,,,,
504,40,0,1.0,29,10,0.0,0.0,0.0,False,20,29,,,,,
504,40,0,1.0,29,11,0.0,0.0,0.0,False,19,29,,,,,
504,40,0,1.0,29,12,0.0,0.0,0.0,False,15,29,,,,,
504,40,0,1.0,29,13,0.0,0.0,0.0,False,12,29,,,,,
504,41,0,1.0,30,0,0.0,0.0,0.0,False,48,30,,,,,
504,41,0,1.0,30,1,0.0,0.0,0.0,False,46,30,,,,,
504,41,0,1.0,30,2,0.0,0.0,0.0,False,44,30,,,,,
504,41,0,1.0,30,3,0.0,0.0,0.0,False,33,30,,,,,
504,41,0,1.0,30,4,0.9,0.9642857142857143,0.9310344827586207,True,28,30,0.7560019803217534,0.8610214817838737,0.11116861082741336,"[-0.3102022584802351, -0.20673089154691482]",0.3727775512098614
504,41,0,1.0,30,5,0.0,0.0,0.0,False,27,30,,,,,
504,41,0,1.0,30,6,0.0,0.0,0.0,False,24,30,,,,,
504,41,0,1.0,30,7,0.0,0.0,0.0,False,23,30,,,,,
504,41,0,1.0,30,8,0.0,0.0,0.0,False,21,30,,,,,
504,41,0,1.0,30,9,0.06666666666666667,0.1,0.08,False,20,30,,,,,
504,41,0,1.0,30,10,0.03333333333333333,0.05,0.04,False,20,30,,,,,
504,41,0,1.0,30,11,0.0,0.0,0.0,False,20,30,,,,,
504,41,0,1.0,30,12,0.0,0.0,0.0,False,15,30,,,,,
504,41,0,1.0,30,13,0.0,0.0,0.0,False,12,30,,,,,
504,42,0,1.0,28,0,0.0,0.0,0.0,False,46,28,,,,,
504,42,0,1.0,28,1,0.0,0.0,0.0,False,45,28,,,,,
504,42,0,1.0,28,2,0.0,0.0,0.0,False,44,28,,,,,
504,42,0,1.0,28,3,0.0,0.0,0.0,False,37,28,,,,,
504,42,0,1.0,28,4,1.0,0.9333333333333333,0.9655172413793104,True,30,28,0.8339037336007729,0.9128718382678954,0.07567557811973606,"[-0.07735926444346108, -0.1002623420244042]",0.12663724974687326
504,42,0,1.0,28,5,0.0,0.0,0.0,False,28,28,,,,,
504,42,0,1.0,28,6,0.0,0.0,0.0,False,22,28,,,,,
504,42,0,1.0,28,7,0.0,0.0,0.0,False,22,28,,,,,
504,42,0,1.0,28,8,0.0,0.0,0.0,False,21,28,,,,,
504,42,0,1.0,28,9,0.0,0.0,0.0,False,21,28,,,,,
504,42,0,1.0,28,10,0.0,0.0,0.0,False,20,28,,,,,
504,42,0,1.0,28,11,0.0,0.0,0.0,False,19,28,,,,,
504,42,0,1.0,28,12,0.0,0.0,0.0,False,15,28,,,,,
504,43,0,1.0,30,0,0.0,0.0,0.0,False,52,30,,,,,
504,43,0,1.0,30,1,0.0,0.0,0.0,False,47,30,,,,,
504,43,0,1.0,30,2,0.0,0.0,0.0,False,45,30,,,,,
504,43,0,1.0,30,3,0.0,0.0,0.0,False,38,30,,,,,
504,43,0,1.0,30,4,0.0,0.0,0.0,False,37,30,,,,,
504,43,0,1.0,30,5,0.9666666666666667,1.0,0.9830508474576272,True,29,30,0.8074499096519634,0.9128104723353616,0.08772827782336524,"[-0.0701034324151476, -0.25095283549648073]",0.26056058197683873
504,43,0,1.0,30,6,0.0,0.0,0.0,False,27,30,,,,,
504,43,0,1.0,30,7,0.0,0.0,0.0,False,21,30,,,,,
504,43,0,1.0,30,8,0.0,0.0,0.0,False,21,30,,,,,
504,43,0,1.0,30,9,0.0,0.0,0.0,False,20,30,,,,,
504,43,0,1.0,30,10,0.0,0.0,0.0,False,20,30,,,,,
504,43,0,1.0,30,11,0.03333333333333333,0.05,0.04,False,20,30,,,,,
504,43,0,1.0,30,12,0.0,0.0,0.0,False,12,30,,,,,
504,44,0,1.0,29,0,0.0,0.0,0.0,False,46,29,,,,,
504,44,0,1.0,29,1,0.0,0.0,0.0,False,46,29,,,,,
504,44,0,1.0,29,2,0.0,0.0,0.0,False,39,29,,,,,
504,44,0,1.0,29,3,0.0,0.0,0.0,False,36,29,,,,,
504,44,0,1.0,29,4,0.0,0.0,0.0,False,32,29,,,,,
504,44,0,1.0,29,5,1.0,1.0,1.0,True,29,29,0.7929326344417571,0.9171730537767029,0.09434253362858054,"[0.0096551724137931, -0.1544827586206896]",0.15478418868023414
504,44,0,1.0,29,6,0.0,0.0,0.0,False,26,29,,,,,
504,44,0,1.0,29,7,0.0,0.0,0.0,False,24,29,,,,,
504,44,0,1.0,29,8,0.0,0.0,0.0,False,22,29,,,,,
504,44,0,1.0,29,9,0.0,0.0,0.0,False,21,29,,,,,
504,44,0,1.0,29,10,0.0,0.0,0.0,False,20,29,,,,,
504,44,0,1.0,29,11,0.0,0.0,0.0,False,20,29,,,,,
504,44,0,1.0,29,12,0.0,0.0,0.0,False,15,29,,,,,
504,44,0,1.0,29,13,0.0,0.0,0.0,False,12,29,,,,,
504,44,0,1.0,29,14,0.0,0.0,0.0,False,12,29,,,,,
504,45,0,1.0,29,0,0.0,0.0,0.0,False,56,29,,,,,
504,45,0,1.0,29,1,0.0,0.0,0.0,False,46,29,,,,,
504,45,0,1.0,29,2,0.0,0.0,0.0,False,39,29,,,,,
504,45,0,1.0,29,3,0.0,0.0,0.0,False,36,29,,,,,
504,45,0,1.0,29,4,0.0,0.0,0.0,False,32,29,,,,,
504,45,0,1.0,29,5,0.9655172413793104,1.0,0.9824561403508771,True,28,29,0.817069904084424,0.9163016458442959,0.083345285622714,"[-0.09070751703671331, -0.13166871658226142]",0.1598890383152814
504,45,0,1.0,29,6,0.0,0.0,0.0,False,27,29,,,,,
504,45,0,1.0,29,7,0.0,0.0,0.0,False,25,29,,,,,
504,45,0,1.0,29,8,0.034482758620689655,0.047619047619047616,0.04,False,21,29,,,,,
504,45,0,1.0,29,9,0.0,0.0,0.0,False,21,29,,,,,
504,45,0,1.0,29,10,0.0,0.0,0.0,False,20,29,,,,,
504,45,0,1.0,29,11,0.0,0.0,0.0,False,15,29,,,,,
504,45,0,1.0,29,12,0.0,0.0,0.0,False,13,29,,,,,
504,46,0,1.0,28,0,0.0,0.0,0.0,False,56,28,,,,,
504,46,0,1.0,28,1,0.0,0.0,0.0,False,46,28,,,,,
504,46,0,1.0,28,2,0.0,0.0,0.0,False,38,28,,,,,
504,46,0,1.0,28,3,0.0,0.0,0.0,False,37,28,,,,,
504,46,0,1.0,28,4,0.0,0.0,0.0,False,32,28,,,,,
504,46,0,1.0,28,5,1.0,1.0,1.0,True,28,28,0.829991941818576,0.9319967767274304,0.07745784036451316,"[0.010000000000000009, -0.16999999999999993]",0.17029386365926394
504,46,0,1.0,28,6,0.0,0.0,0.0,False,26,28,,,,,
504,46,0,1.0,28,7,0.0,0.0,0.0,False,25,28,,,,,
504,46,0,1.0,28,8,0.0,0.0,0.0,False,21,28,,,,,
504,46,0,1.0,28,9,0.0,0.0,0.0,False,21,28,,,,,
504,46,0,1.0,28,10,0.0,0.0,0.0,False,20,28,,,,,
504,46,0,1.0,28,11,0.0,0.0,0.0,False,15,28,,,,,
504,46,0,1.0,28,12,0.0,0.0,0.0,False,13,28,,,,,
504,47,0,1.0,28,0,0.0,0.0,0.0,False,55,28,,,,,
504,47,0,1.0,28,1,0.0,0.0,0.0,False,46,28,,,,,
504,47,0,1.0,28,2,0.0,0.0,0.0,False,38,28,,,,,
504,47,0,1.0,28,3,0.0,0.0,0.0,False,37,28,,,,,
504,47,0,1.0,28,4,0.0,0.0,0.0,False,33,28,,,,,
504,47,0,1.0,28,5,1.0,1.0,1.0,True,28,28,0.7813507832559712,0.9125403133023885,0.09961937279650286,"[0.010000000000000009, -0.20999999999999908]",0.21023796041628545
504,47,0,1.0,28,6,0.0,0.0,0.0,False,27,28,,,,,
504,47,0,1.0,28,7,0.0,0.0,0.0,False,24,28,,,,,
504,47,0,1.0,28,8,0.0,0.0,0.0,False,21,28,,,,,
504,47,0,1.0,28,9,0.0,0.0,0.0,False,21,28,,,,,
504,47,0,1.0,28,10,0.0,0.0,0.0,False,20,28,,,,,
504,47,0,1.0,28,11,0.0,0.0,0.0,False,16,28,,,,,
504,47,0,1.0,28,12,0.0,0.0,0.0,False,13,28,,,,,
504,48,0,1.0,28,0,0.0,0.0,0.0,False,55,28,,,,,
504,48,0,1.0,28,1,0.0,0.0,0.0,False,46,28,,,,,
504,48,0,1.0,28,2,0.0,0.0,0.0,False,37,28,,,,,
504,48,0,1.0,28,3,0.03571428571428571,0.029411764705882353,0.03225806451612903,False,34,28,,,,,
504,48,0,1.0,28,4,0.0,0.0,0.0,False,29,28,,,,,
504,48,0,1.0,28,5,0.9642857142857143,1.0,0.9818181818181818,True,27,28,0.8372162599941555,0.9239774130885714,0.0741663488318628,"[0.16103345064511554, -0.24118987054141172]",0.290007458315223
504,48,0,1.0,28,6,0.0,0.0,0.0,False,27,28,,,,,
504,48,0,1.0,28,7,0.0,0.0,0.0,False,26,28,,,,,
504,48,0,1.0,28,8,0.0,0.0,0.0,False,24,28,,,,,
504,48,0,1.0,28,9,0.0,0.0,0.0,False,21,28,,,,,
504,48,0,1.0,28,10,0.0,0.0,0.0,False,20,28,,,,,
504,48,0,1.0,28,11,0.0,0.0,0.0,False,16,28,,,,,
504,48,0,1.0,28,12,0.0,0.0,0.0,False,12,28,,,,,
504,49,0,1.0,27,0,0.0,0.0,0.0,False,54,27,,,,,
504,49,0,1.0,27,1,1.0,0.5625,0.72,True,48,27,0.47369761334912763,0.621479045339651,0.23979008221576115,"[0.029001709721366287, -0.3828663201654354]",0.38396317308276334
504,49,0,1.0,27,2,0.0,0.0,0.0,False,46,27,,,,,
504,49,0,1.0,27,3,0.0,0.0,0.0,False,37,27,,,,,
504,49,0,1.0,27,4,0.0,0.0,0.0,False,33,27,,,,,
504,49,0,1.0,27,5,0.0,0.0,0.0,False,31,27,,,,,
504,49,0,1.0,27,6,0.0,0.0,0.0,False,26,27,,,,,
504,49,0,1.0,27,7,0.0,0.0,0.0,False,23,27,,,,,
504,49,0,1.0,27,8,0.0,0.0,0.0,False,20,27,,,,,
504,49,0,1.0,27,9,0.0,0.0,0.0,False,20,27,,,,,
504,49,0,1.0,27,10,0.0,0.0,0.0,False,20,27,,,,,
504,49,0,1.0,27,11,0.0,0.0,0.0,False,12,27,,,,,
504,49,0,1.0,27,12,0.0,0.0,0.0,False,12,27,,,,,
504,50,0,1.0,48,0,0.0,0.0,0.0,False,54,48,,,,,
504,50,0,1.0,48,1,0.0,0.0,0.0,False,48,48,,,,,
504,50,0,1.0,48,2,1.0,1.0,1.0,True,48,48,0.849555158129292,0.9398220632517168,0.06854458941499166,"[0.046666666666666856, -0.09333333333333371]",0.10434983894999061
504,50,0,1.0,48,3,0.0,0.0,0.0,False,37,48,,,,,
504,50,0,1.0,48,4,0.0,0.0,0.0,False,33,48,,,,,
504,50,0,1.0,48,5,0.0,0.0,0.0,False,31,48,,,,,
504,50,0,1.0,48,6,0.0,0.0,0.0,False,25,48,,,,,
504,50,0,1.0,48,7,0.0,0.0,0.0,False,23,48,,,,,
504,50,0,1.0,48,8,0.0,0.0,0.0,False,20,48,,,,,
504,50,0,1.0,48,9,0.0,0.0,0.0,False,20,48,,,,,
504,50,0,1.0,48,10,0.0,0.0,0.0,False,18,48,,,,,
504,50,0,1.0,48,11,0.0,0.0,0.0,False,13,48,,,,,
504,50,0,1.0,48,12,0.0,0.0,0.0,False,12,48,,,,,
504,51,0,1.0,48,0,0.0,0.0,0.0,False,53,48,,,,,
504,51,0,1.0,48,1,0.0,0.0,0.0,False,48,48,,,,,
504,51,0,1.0,48,2,1.0,1.0,1.0,True,48,48,0.886842261688431,0.9547369046753724,0.051556109303909296,"[0.05249999999999977, -0.07583333333333364]",0.09223309842157786
504,51,0,1.0,48,3,0.0,0.0,0.0,False,37,48,,,,,
504,51,0,1.0,48,4,0.0,0.0,0.0,False,28,48,,,,,
504,51,0,1.0,48,5,0.0,0.0,0.0,False,26,48,,,,,
504,51,0,1.0,48,6,0.0,0.0,0.0,False,26,48,,,,,
504,51,0,1.0,48,7,0.0,0.0,0.0,False,26,48,,,,,
504,51,0,1.0,48,8,0.0,0.0,0.0,False,22,48,,,,,
504,51,0,1.0,48,9,0.0,0.0,0.0,False,20,48,,,,,
504,51,0,1.0,48,10,0.0,0.0,0.0,False,17,48,,,,,
504,51,0,1.0,48,11,0.0,0.0,0.0,False,14,48,,,,,
504,51,0,1.0,48,12,0.0,0.0,0.0,False,13,48,,,,,
504,52,0,1.0,48,0,0.0,0.0,0.0,False,48,48,,,,,
504,52,0,1.0,48,1,0.0,0.0,0.0,False,47,48,,,,,
504,52,0,1.0,48,2,0.7708333333333334,0.9024390243902439,0.8314606741573034,True,41,48,0.6656878774351832,0.7651515554684554,0.15231686837992825,"[-0.22986433975679177, -0.3512587877025375]",0.41978607722277084
504,52,0,1.0,48,3,0.0,0.0,0.0,False,37,48,,,,,
504,52,0,1.0,48,4,0.0,0.0,0.0,False,29,48,,,,,
504,52,0,1.0,48,5,0.0,0.0,0.0,False,28,48,,,,,
504,52,0,1.0,48,6,0.22916666666666666,0.4074074074074074,0.29333333333333333,False,27,48,,,,,
504,52,0,1.0,48,7,0.0,0.0,0.0,False,26,48,,,,,
504,52,0,1.0,48,8,0.0,0.0,0.0,False,25,48,,,,,
504,52,0,1.0,48,9,0.0,0.0,0.0,False,23,48,,,,,
504,52,0,1.0,48,10,0.0,0.0,0.0,False,23,48,,,,,
504,52,0,1.0,48,11,0.0,0.0,0.0,False,19,48,,,,,
504,52,0,1.0,48,12,0.0,0.0,0.0,False,16,48,,,,,
504,53,0,1.0,41,0,0.0,0.0,0.0,False,48,41,,,,,
504,53,0,1.0,41,1,0.0,0.0,0.0,False,47,41,,,,,
504,53,0,1.0,41,2,0.0,0.0,0.0,False,42,41,,,,,
504,53,0,1.0,41,3,1.0,1.0,1.0,True,41,41,0.8393181403856795,0.9357272561542718,0.07320870530852917,"[0.0, -0.11609756097560897]",0.11609756097560897
504,53,0,1.0,41,4,0.0,0.0,0.0,False,36,41,,,,,
504,53,0,1.0,41,5,0.0,0.0,0.0,False,32,41,,,,,
504,53,0,1.0,41,6,0.0,0.0,0.0,False,29,41,,,,,
504,53,0,1.0,41,7,0.0,0.0,0.0,False,27,41,,,,,
504,53,0,1.0,41,8,0.0,0.0,0.0,False,27,41,,,,,
504,53,0,1.0,41,9,0.0,0.0,0.0,False,23,41,,,,,
504,53,0,1.0,41,10,0.0,0.0,0.0,False,13,41,,,,,
504,54,0,1.0,41,0,0.0,0.0,0.0,False,53,41,,,,,
504,54,0,1.0,41,1,0.0,0.0,0.0,False,49,41,,,,,
504,54,0,1.0,41,2,1.0,1.0,1.0,True,41,41,0.8334340651100436,0.9333736260440174,0.07588956507640332,"[0.006829268292683044, -0.13658536585365866]",0.13675599098683477
504,54,0,1.0,41,3,0.0,0.0,0.0,False,39,41,,,,,
504,54,0,1.0,41,4,0.0,0.0,0.0,False,36,41,,,,,
504,54,0,1.0,41,5,0.0,0.0,0.0,False,30,41,,,,,
504,54,0,1.0,41,6,0.0,0.0,0.0,False,27,41,,,,,
504,54,0,1.0,41,7,0.0,0.0,0.0,False,26,41,,,,,
504,54,0,1.0,41,8,0.0,0.0,0.0,False,26,41,,,,,
504,54,0,1.0,41,9,0.0,0.0,0.0,False,24,41,,,,,
504,54,0,1.0,41,10,0.0,0.0,0.0,False,14,41,,,,,
504,55,0,1.0,41,0,0.0,0.0,0.0,False,54,41,,,,,
504,55,0,1.0,41,1,0.0,0.0,0.0,False,50,41,,,,,
504,55,0,1.0,41,2,1.0,1.0,1.0,True,41,41,0.8439995882139922,0.9375998352855969,0.07107577794944317,"[0.034146341463414664, -0.13658536585365688]",0.14078897258206485
504,55,0,1.0,41,3,0.0,0.0,0.0,False,37,41,,,,,
504,55,0,1.0,41,4,0.0,0.0,0.0,False,37,41,,,,,
504,55,0,1.0,41,5,0.0,0.0,0.0,False,36,41,,,,,
504,55,0,1.0,41,6,0.0,0.0,0.0,False,32,41,,,,,
504,55,0,1.0,41,7,0.0,0.0,0.0,False,31,41,,,,,
504,55,0,1.0,41,8,0.0,0.0,0.0,False,25,41,,,,,
504,55,0,1.0,41,9,0.0,0.0,0.0,False,23,41,,,,,
504,55,0,1.0,41,10,0.0,0.0,0.0,False,14,41,,,,,
504,56,0,1.0,41,0,0.0,0.0,0.0,False,54,41,,,,,
504,56,0,1.0,41,1,0.0,0.0,0.0,False,50,41,,,,,
504,56,0,1.0,41,2,0.0,0.0,0.0,False,47,41,,,,,
504,56,0,1.0,41,3,0.0,0.0,0.0,False,38,41,,,,,
504,56,0,1.0,41,4,0.8292682926829268,1.0,0.9066666666666666,True,34,41,0.592706123904837,0.7810824495619347,0.1855682864300256,"[-0.12754292319465632, -0.5492510782151374]",0.5638651826257133
504,56,0,1.0,41,5,0.0,0.0,0.0,False,32,41,,,,,
504,56,0,1.0,41,6,0.0,0.0,0.0,False,30,41,,,,,
504,56,0,1.0,41,7,0.0,0.0,0.0,False,26,41,,,,,
504,56,0,1.0,41,8,0.0,0.0,0.0,False,25,41,,,,,
504,56,0,1.0,41,9,0.0,0.0,0.0,False,25,41,,,,,
504,56,0,1.0,41,10,0.0,0.0,0.0,False,14,41,,,,,
504,57,0,1.0,34,0,0.0,0.0,0.0,False,74,34,,,,,
504,57,0,1.0,34,1,0.0,0.0,0.0,False,50,34,,,,,
504,57,0,1.0,34,2,0.0,0.0,0.0,False,40,34,,,,,
504,57,0,1.0,34,3,0.0,0.0,0.0,False,39,34,,,,,
504,57,0,1.0,34,4,0.0,0.0,0.0,False,38,34,,,,,
504,57,0,1.0,34,5,1.0,1.0,1.0,True,34,34,0.9196041805894192,0.9678416722357677,0.03662936105789501,"[-0.024705882352941244, -0.20588235294117574]",0.2073594074919974
504,57,0,1.0,34,6,0.0,0.0,0.0,False,30,34,,,,,
504,57,0,1.0,34,7,0.0,0.0,0.0,False,28,34,,,,,
504,57,0,1.0,34,8,0.0,0.0,0.0,False,25,34,,,,,
504,57,0,1.0,34,9,0.0,0.0,0.0,False,21,34,,,,,
504,57,0,1.0,34,10,0.0,0.0,0.0,False,14,34,,,,,
504,58,0,1.0,34,0,0.0,0.0,0.0,False,57,34,,,,,
504,58,0,1.0,34,1,0.0,0.0,0.0,False,51,34,,,,,
504,58,0,1.0,34,2,0.0,0.0,0.0,False,50,34,,,,,
504,58,0,1.0,34,3,0.0,0.0,0.0,False,45,34,,,,,
504,58,0,1.0,34,4,1.0,1.0,1.0,True,34,34,0.8689673356358081,0.9475869342543233,0.05970015367170051,"[-0.008235294117647007, -0.2223529411764691]",0.2225053943593963
504,58,0,1.0,34,5,0.0,0.0,0.0,False,33,34,,,,,
504,58,0,1.0,34,6,0.0,0.0,0.0,False,30,34,,,,,
504,58,0,1.0,34,7,0.0,0.0,0.0,False,27,34,,,,,
504,58,0,1.0,34,8,0.0,0.0,0.0,False,25,34,,,,,
504,58,0,1.0,34,9,0.0,0.0,0.0,False,15,34,,,,,
504,58,0,1.0,34,10,0.0,0.0,0.0,False,14,34,,,,,
504,58,0,1.0,34,11,0.0,0.0,0.0,False,12,34,,,,,
504,59,0,1.0,34,0,0.0,0.0,0.0,False,70,34,,,,,
504,59,0,1.0,34,1,0.0,0.0,0.0,False,50,34,,,,,
504,59,0,1.0,34,2,0.0,0.0,0.0,False,45,34,,,,,
504,59,0,1.0,34,3,0.0,0.0,0.0,False,44,34,,,,,
504,59,0,1.0,34,4,0.0,0.0,0.0,False,39,34,,,,,
504,59,0,1.0,34,5,1.0,1.0,1.0,True,34,34,0.8662314051888016,0.9464925620755207,0.060946678489874055,"[-0.016470588235294237, -0.19764705882352906]",0.19833214600363747
504,59,0,1.0,34,6,0.0,0.0,0.0,False,30,34,,,,,
504,59,0,1.0,34,7,0.0,0.0,0.0,False,27,34,,,,,
504,59,0,1.0,34,8,0.0,0.0,0.0,False,27,34,,,,,
504,59,0,1.0,34,9,0.0,0.0,0.0,False,22,34,,,,,
504,59,0,1.0,34,10,0.0,0.0,0.0,False,12,34,,,,,
504,60,0,1.0,34,0,0.0,0.0,0.0,False,58,34,,,,,
504,60,0,1.0,34,1,0.0,0.0,0.0,False,50,34,,,,,
504,60,0,1.0,34,2,0.0,0.0,0.0,False,45,34,,,,,
504,60,0,1.0,34,3,0.0,0.0,0.0,False,44,34,,,,,
504,60,0,1.0,34,4,1.0,1.0,1.0,True,34,34,0.8661376322639569,0.9464550529055827,0.06098940263084027,"[0.008235294117647118, -0.22235294117647086]",0.2225053943593981
504,60,0,1.0,34,5,0.0,0.0,0.0,False,31,34,,,,,
504,60,0,1.0,34,6,0.0,0.0,0.0,False,30,34,,,,,
504,60,0,1.0,34,7,0.0,0.0,0.0,False,30,34,,,,,
504,60,0,1.0,34,8,0.0,0.0,0.0,False,27,34,,,,,
504,60,0,1.0,34,9,0.0,0.0,0.0,False,27,34,,,,,
504,60,0,1.0,34,10,0.0,0.0,0.0,False,12,34,,,,,
504,60,0,1.0,34,11,0.0,0.0,0.0,False,12,34,,,,,
504,61,0,1.0,34,0,0.0,0.0,0.0,False,57,34,,,,,
504,61,0,1.0,34,1,0.0,0.0,0.0,False,50,34,,,,,
504,61,0,1.0,34,2,0.0,0.0,0.0,False,48,34,,,,,
504,61,0,1.0,34,3,0.0,0.0,0.0,False,45,34,,,,,
504,61,0,1.0,34,4,1.0,1.0,1.0,True,34,34,0.9111275802321741,0.9644510320928696,0.04049140832982254,"[0.008235294117647007, -0.2388235294117642]",0.23896547505841917
504,61,0,1.0,34,5,0.0,0.0,0.0,False,31,34,,,,,
504,61,0,1.0,34,6,0.0,0.0,0.0,False,30,34,,,,,
504,61,0,1.0,34,7,0.0,0.0,0.0,False,29,34,,,,,
504,61,0,1.0,34,8,0.0,0.0,0.0,False,27,34,,,,,
504,61,0,1.0,34,9,0.0,0.0,0.0,False,27,34,,,,,
504,61,0,1.0,34,10,0.0,0.0,0.0,False,13,34,,,,,
504,62,0,1.0,34,0,0.0,0.0,0.0,False,56,34,,,,,
504,62,0,1.0,34,1,0.0,0.0,0.0,False,50,34,,,,,
504,62,0,1.0,34,2,0.0,0.0,0.0,False,49,34,,,,,
504,62,0,1.0,34,3,0.0,0.0,0.0,False,45,34,,,,,
504,62,0,1.0,34,4,1.0,1.0,1.0,True,34,34,0.9119122307483045,0.9647648922993218,0.0401339115436672,"[-0.008235294117647118, -0.25529411764705756]",0.25542691043504756
504,62,0,1.0,34,5,0.0,0.0,0.0,False,30,34,,,,,
504,62,0,1.0,34,6,0.0,0.0,0.0,False,29,34,,,,,
504,62,0,1.0,34,7,0.0,0.0,0.0,False,27,34,,,,,
504,62,0,1.0,34,8,0.0,0.0,0.0,False,25,34,,,,,
504,62,0,1.0,34,9,0.0,0.0,0.0,False,19,34,,,,,
504,62,0,1.0,34,10,0.0,0.0,0.0,False,14,34,,,,,
504,62,0,1.0,34,11,0.0,0.0,0.0,False,13,34,,,,,
504,63,0,1.0,34,0,0.0,0.0,0.0,False,50,34,,,,,
504,63,0,1.0,34,1,0.0,0.0,0.0,False,45,34,,,,,
504,63,0,1.0,34,2,1.0,0.9714285714285714,0.9855072463768116,True,35,34,0.768781066143489,0.8988167742834826,0.10534629628436915,"[-0.022520940794232835, -0.11963215140891315]",0.1217334975468234
504,63,0,1.0,34,3,0.0,0.0,0.0,False,35,34,,,,,
504,63,0,1.0,34,4,0.0,0.0,0.0,False,31,34,,,,,
504,63,0,1.0,34,5,0.0,0.0,0.0,False,30,34,,,,,
504,63,0,1.0,34,6,0.0,0.0,0.0,False,29,34,,,,,
504,63,0,1.0,34,7,0.0,0.0,0.0,False,27,34,,,,,
504,63,0,1.0,34,8,0.0,0.0,0.0,False,26,34,,,,,
504,63,0,1.0,34,9,0.0,0.0,0.0,False,24,34,,,,,
504,63,0,1.0,34,10,0.0,0.0,0.0,False,24,34,,,,,
504,63,0,1.0,34,11,0.0,0.0,0.0,False,17,34,,,,,
504,63,0,1.0,34,12,0.0,0.0,0.0,False,14,34,,,,,
504,63,0,1.0,34,13,0.0,0.0,0.0,False,13,34,,,,,
504,64,0,1.0,35,0,0.0,0.0,0.0,False,50,35,,,,,
504,64,0,1.0,35,1,0.0,0.0,0.0,False,48,35,,,,,
504,64,0,1.0,35,2,1.0,1.0,1.0,True,35,35,0.8498466193147363,0.9399386477258945,0.06841179598027988,"[-0.008000000000000007, -0.2240000000000002]",0.2241428116179506
504,64,0,1.0,35,3,0.0,0.0,0.0,False,31,35,,,,,
504,64,0,1.0,35,4,0.0,0.0,0.0,False,30,35,,,,,
504,64,0,1.0,35,5,0.0,0.0,0.0,False,29,35,,,,,
504,64,0,1.0,35,6,0.0,0.0,0.0,False,28,35,,,,,
504,64,0,1.0,35,7,0.0,0.0,0.0,False,27,35,,,,,
504,64,0,1.0,35,8,0.0,0.0,0.0,False,26,35,,,,,
504,64,0,1.0,35,9,0.0,0.0,0.0,False,24,35,,,,,
504,64,0,1.0,35,10,0.0,0.0,0.0,False,23,35,,,,,
504,64,0,1.0,35,11,0.0,0.0,0.0,False,20,35,,,,,
504,64,0,1.0,35,12,0.0,0.0,0.0,False,14,35,,,,,
504,64,0,1.0,35,13,0.0,0.0,0.0,False,13,35,,,,,
504,65,0,1.0,35,0,0.0,0.0,0.0,False,50,35,,,,,
504,65,0,1.0,35,1,0.0,0.0,0.0,False,49,35,,,,,
504,65,0,1.0,35,2,1.0,1.0,1.0,True,35,35,0.841778002667409,0.9367112010669636,0.07208796066868654,"[-0.008000000000000007, -0.23999999999999844]",0.2401332963168566
504,65,0,1.0,35,3,0.0,0.0,0.0,False,32,35,,,,,
504,65,0,1.0,35,4,0.0,0.0,0.0,False,31,35,,,,,
504,65,0,1.0,35,5,0.0,0.0,0.0,False,30,35,,,,,
504,65,0,1.0,35,6,0.0,0.0,0.0,False,30,35,,,,,
504,65,0,1.0,35,7,0.0,0.0,0.0,False,29,35,,,,,
504,65,0,1.0,35,8,0.0,0.0,0.0,False,27,35,,,,,
504,65,0,1.0,35,9,0.0,0.0,0.0,False,26,35,,,,,
504,65,0,1.0,35,10,0.0,0.0,0.0,False,24,35,,,,,
504,65,0,1.0,35,11,0.0,0.0,0.0,False,24,35,,,,,
504,65,0,1.0,35,12,0.0,0.0,0.0,False,13,35,,,,,
504,66,0,1.0,35,0,0.0,0.0,0.0,False,50,35,,,,,
504,66,0,1.0,35,1,0.0,0.0,0.0,False,45,35,,,,,
504,66,0,1.0,35,2,0.0,0.0,0.0,False,40,35,,,,,
504,66,0,1.0,35,3,0.9714285714285714,1.0,0.9855072463768116,True,34,35,0.8802707688946633,0.9434126553839524,0.05455016526349808,"[0.005579764323644709, -0.3551913780028517]",0.3552352020527697
504,66,0,1.0,35,4,0.0,0.0,0.0,False,31,35,,,,,
504,66,0,1.0,35,5,0.0,0.0,0.0,False,31,35,,,,,
504,66,0,1.0,35,6,0.0,0.0,0.0,False,31,35,,,,,
504,66,0,1.0,35,7,0.0,0.0,0.0,False,30,35,,,,,
504,66,0,1.0,35,8,0.0,0.0,0.0,False,29,35,,,,,
504,66,0,1.0,35,9,0.0,0.0,0.0,False,27,35,,,,,
504,66,0,1.0,35,10,0.0,0.0,0.0,False,26,35,,,,,
504,66,0,1.0,35,11,0.0,0.0,0.0,False,17,35,,,,,
504,67,0,1.0,34,0,0.0,0.0,0.0,False,50,34,,,,,
504,67,0,1.0,34,1,0.0,0.0,0.0,False,47,34,,,,,
504,67,0,1.0,34,2,0.0,0.0,0.0,False,46,34,,,,,
504,67,0,1.0,34,3,0.0,0.0,0.0,False,40,34,,,,,
504,67,0,1.0,34,4,1.0,0.9714285714285714,0.9855072463768116,True,35,34,0.8556239774992429,0.9335539388257842,0.06577955788068009,"[-0.005579764323644598, -0.12480862199714693]",0.12493328577578565
504,67,0,1.0,34,5,0.0,0.0,0.0,False,33,34,,,,,
504,67,0,1.0,34,6,0.0,0.0,0.0,False,31,34,,,,,
504,67,0,1.0,34,7,0.0,0.0,0.0,False,29,34,,,,,
504,67,0,1.0,34,8,0.0,0.0,0.0,False,29,34,,,,,
504,67,0,1.0,34,9,0.0,0.0,0.0,False,27,34,,,,,
504,67,0,1.0,34,10,0.0,0.0,0.0,False,25,34,,,,,
504,68,0,1.0,35,0,0.14285714285714285,0.08196721311475409,0.10416666666666667,False,61,35,,,,,
504,68,0,1.0,35,1,0.0,0.0,0.0,False,50,35,,,,,
504,68,0,1.0,35,2,0.0,0.0,0.0,False,46,35,,,,,
504,68,0,1.0,35,3,0.0,0.0,0.0,False,33,35,,,,,
504,68,0,1.0,35,4,0.0,0.0,0.0,False,31,35,,,,,
504,68,0,1.0,35,5,0.0,0.0,0.0,False,31,35,,,,,
504,68,0,1.0,35,6,0.8571428571428571,1.0,0.9230769230769231,True,30,35,0.8139704050073175,0.8794343158490809,0.08475745694737126,"[-0.15279543837813359, -0.05627971174733837]",0.16283074630894964
504,68,0,1.0,35,7,0.0,0.0,0.0,False,29,35,,,,,
504,68,0,1.0,35,8,0.0,0.0,0.0,False,27,35,,,,,
504,68,0,1.0,35,9,0.0,0.0,0.0,False,23,35,,,,,
504,68,0,1.0,35,10,0.0,0.0,0.0,False,15,35,,,,,
504,68,0,1.0,35,11,0.0,0.0,0.0,False,14,35,,,,,
504,69,0,1.0,30,0,0.0,0.0,0.0,False,59,30,,,,,
504,69,0,1.0,30,1,0.0,0.0,0.0,False,51,30,,,,,
504,69,0,1.0,30,2,0.0,0.0,0.0,False,47,30,,,,,
504,69,0,1.0,30,3,0.0,0.0,0.0,False,45,30,,,,,
504,69,0,1.0,30,4,0.0,0.0,0.0,False,32,30,,,,,
504,69,0,1.0,30,5,0.0,0.0,0.0,False,31,30,,,,,
504,69,0,1.0,30,6,1.0,1.0,1.0,True,30,30,0.93284320774656,0.973137283098624,0.03059749137425363,"[0.01866666666666661, -0.261333333333333]",0.261999151822206
504,69,0,1.0,30,7,0.0,0.0,0.0,False,29,30,,,,,
504,69,0,1.0,30,8,0.0,0.0,0.0,False,29,30,,,,,
504,69,0,1.0,30,9,0.0,0.0,0.0,False,23,30,,,,,
504,69,0,1.0,30,10,0.0,0.0,0.0,False,13,30,,,,,
504,70,0,1.0,30,0,0.0,0.0,0.0,False,51,30,,,,,
504,70,0,1.0,30,1,0.0,0.0,0.0,False,46,30,,,,,
504,70,0,1.0,30,2,0.0,0.0,0.0,False,46,30,,,,,
504,70,0,1.0,30,3,0.0,0.0,0.0,False,45,30,,,,,
504,70,0,1.0,30,4,0.0,0.0,0.0,False,31,30,,,,,
504,70,0,1.0,30,5,1.0,1.0,1.0,True,30,30,0.9589558890096582,0.9835823556038633,0.01870022063072201,"[0.0, -0.261333333333333]",0.261333333333333
504,70,0,1.0,30,6,0.0,0.0,0.0,False,29,30,,,,,
504,70,0,1.0,30,7,0.0,0.0,0.0,False,29,30,,,,,
504,70,0,1.0,30,8,0.0,0.0,0.0,False,28,30,,,,,
504,70,0,1.0,30,9,0.0,0.0,0.0,False,22,30,,,,,
504,70,0,1.0,30,10,0.0,0.0,0.0,False,19,30,,,,,
504,70,0,1.0,30,11,0.0,0.0,0.0,False,13,30,,,,,
504,71,0,1.0,30,0,0.0,0.0,0.0,False,60,30,,,,,
504,71,0,1.0,30,1,0.0,0.0,0.0,False,50,30,,,,,
504,71,0,1.0,30,2,0.0,0.0,0.0,False,47,30,,,,,
504,71,0,1.0,30,3,0.0,0.0,0.0,False,46,30,,,,,
504,71,0,1.0,30,4,0.0,0.0,0.0,False,32,30,,,,,
504,71,0,1.0,30,5,1.0,1.0,1.0,True,30,30,0.983609285488317,0.9934437141953268,0.007467818653345269,"[0.0, -0.261333333333333]",0.261333333333333
504,71,0,1.0,30,6,0.0,0.0,0.0,False,30,30,,,,,
504,71,0,1.0,30,7,0.0,0.0,0.0,False,30,30,,,,,
504,71,0,1.0,30,8,0.0,0.0,0.0,False,29,30,,,,,
504,71,0,1.0,30,9,0.0,0.0,0.0,False,22,30,,,,,
504,71,0,1.0,30,10,0.0,0.0,0.0,False,13,30,,,,,
504,72,0,1.0,30,0,0.0,0.0,0.0,False,50,30,,,,,
504,72,0,1.0,30,1,0.0,0.0,0.0,False,49,30,,,,,
504,72,0,1.0,30,2,0.0,0.0,0.0,False,46,30,,,,,
504,72,0,1.0,30,3,0.0,0.0,0.0,False,46,30,,,,,
504,72,0,1.0,30,4,0.0,0.0,0.0,False,42,30,,,,,
504,72,0,1.0,30,5,0.0,0.0,0.0,False,32,30,,,,,
504,72,0,1.0,30,6,1.0,1.0,1.0,True,30,30,0.9574849405461462,0.9829939762184585,0.019370403517874047,"[-0.009333333333333416, -0.2519999999999989]",0.2521727802739831
504,72,0,1.0,30,7,0.0,0.0,0.0,False,30,30,,,,,
504,72,0,1.0,30,8,0.0,0.0,0.0,False,23,30,,,,,
504,72,0,1.0,30,9,0.0,0.0,0.0,False,22,30,,,,,
504,72,0,1.0,30,10,0.0,0.0,0.0,False,19,30,,,,,
504,73,0,1.0,30,0,0.0,0.0,0.0,False,50,30,,,,,
504,73,0,1.0,30,1,0.0,0.0,0.0,False,49,30,,,,,
504,73,0,1.0,30,2,0.0,0.0,0.0,False,47,30,,,,,
504,73,0,1.0,30,3,0.0,0.0,0.0,False,46,30,,,,,
504,73,0,1.0,30,4,0.0,0.0,0.0,False,31,30,,,,,
504,73,0,1.0,30,5,0.0,0.0,0.0,False,31,30,,,,,
504,73,0,1.0,30,6,1.0,1.0,1.0,True,30,30,0.9298768229656686,0.9719507291862675,0.031949014127209296,"[0.01866666666666672, -0.261333333333333]",0.261999151822206
504,73,0,1.0,30,7,0.0,0.0,0.0,False,29,30,,,,,
504,73,0,1.0,30,8,0.0,0.0,0.0,False,29,30,,,,,
504,73,0,1.0,30,9,0.0,0.0,0.0,False,22,30,,,,,
504,73,0,1.0,30,10,0.0,0.0,0.0,False,13,30,,,,,
504,73,0,1.0,30,11,0.0,0.0,0.0,False,12,30,,,,,
504,74,0,1.0,30,0,0.0,0.0,0.0,False,50,30,,,,,
504,74,0,1.0,30,1,0.0,0.0,0.0,False,46,30,,,,,
504,74,0,1.0,30,2,0.0,0.0,0.0,False,44,30,,,,,
504,74,0,1.0,30,3,0.0,0.0,0.0,False,31,30,,,,,
504,74,0,1.0,30,4,1.0,1.0,1.0,True,30,30,0.9609768910697094,0.9843907564278838,0.01777942630709798,"[0.009333333333333305, -0.2706666666666653]",0.2708275383995409
504,74,0,1.0,30,5,0.0,0.0,0.0,False,30,30,,,,,
504,74,0,1.0,30,6,0.0,0.0,0.0,False,29,30,,,,,
504,74,0,1.0,30,7,0.0,0.0,0.0,False,26,30,,,,,
504,74,0,1.0,30,8,0.0,0.0,0.0,False,22,30,,,,,
504,74,0,1.0,30,9,0.0,0.0,0.0,False,22,30,,,,,
504,74,0,1.0,30,10,0.0,0.0,0.0,False,22,30,,,,,
504,74,0,1.0,30,11,0.0,0.0,0.0,False,21,30,,,,,
504,74,0,1.0,30,12,0.0,0.0,0.0,False,13,30,,,,,
504,74,0,1.0,30,13,0.0,0.0,0.0,False,13,30,,,,,
504,75,0,1.0,30,0,0.0,0.0,0.0,False,50,30,,,,,
504,75,0,1.0,30,1,0.0,0.0,0.0,False,47,30,,,,,
504,75,0,1.0,30,2,0.0,0.0,0.0,False,45,30,,,,,
504,75,0,1.0,30,3,0.03333333333333333,0.023255813953488372,0.0273972602739726,False,43,30,,,,,
504,75,0,1.0,30,4,0.0,0.0,0.0,False,31,30,,,,,
504,75,0,1.0,30,5,0.0,0.0,0.0,False,30,30,,,,,
504,75,0,1.0,30,6,0.0,0.0,0.0,False,30,30,,,,,
504,75,0,1.0,30,7,0.9666666666666667,1.0,0.9830508474576272,True,29,30,0.9302942226942643,0.9619481975522821,0.03175884148544398,"[-0.0498892596221141, -0.27552218524561845]",0.280002522824641
504,75,0,1.0,30,8,0.0,0.0,0.0,False,26,30,,,,,
504,75,0,1.0,30,9,0.0,0.0,0.0,False,23,30,,,,,
504,75,0,1.0,30,10,0.0,0.0,0.0,False,20,30,,,,,
504,75,0,1.0,30,11,0.0,0.0,0.0,False,14,30,,,,,
504,75,0,1.0,30,12,0.0,0.0,0.0,False,12,30,,,,,
504,76,0,1.0,29,0,0.0,0.0,0.0,False,50,29,,,,,
504,76,0,1.0,29,1,0.0,0.0,0.0,False,47,29,,,,,
504,76,0,1.0,29,2,0.0,0.0,0.0,False,46,29,,,,,
504,76,0,1.0,29,3,0.0,0.0,0.0,False,45,29,,,,,
504,76,0,1.0,29,4,0.0,0.0,0.0,False,33,29,,,,,
504,76,0,1.0,29,5,0.0,0.0,0.0,False,30,29,,,,,
504,76,0,1.0,29,6,0.0,0.0,0.0,False,30,29,,,,,
504,76,0,1.0,29,7,1.0,1.0,1.0,True,29,29,0.966592702931655,0.986637081172662,0.015220790773154526,"[0.0, -0.2606896551724134]",0.2606896551724134
504,76,0,1.0,29,8,0.0,0.0,0.0,False,23,29,,,,,
504,76,0,1.0,29,9,0.0,0.0,0.0,False,18,29,,,,,
504,76,0,1.0,29,10,0.0,0.0,0.0,False,14,29,,,,,
504,76,0,1.0,29,11,0.0,0.0,0.0,False,13,29,,,,,
504,76,0,1.0,29,12,0.0,0.0,0.0,False,12,29,,,,,
504,77,0,1.0,29,0,0.0,0.0,0.0,False,50,29,,,,,
504,77,0,1.0,29,1,0.0,0.0,0.0,False,46,29,,,,,
504,77,0,1.0,29,2,0.0,0.0,0.0,False,45,29,,,,,
504,77,0,1.0,29,3,0.0,0.0,0.0,False,45,29,,,,,
504,77,0,1.0,29,4,1.0,0.7073170731707317,0.8285714285714286,True,41,29,0.6276951139278419,0.7482209027139939,0.16962685616661244,"[-0.16980409177101297, -0.23479603686328332]",0.289763021293061
504,77,0,1.0,29,5,0.0,0.0,0.0,False,34,29,,,,,
504,77,0,1.0,29,6,0.0,0.0,0.0,False,30,29,,,,,
504,77,0,1.0,29,7,0.0,0.0,0.0,False,30,29,,,,,
504,77,0,1.0,29,8,0.0,0.0,0.0,False,26,29,,,,,
504,77,0,1.0,29,9,0.0,0.0,0.0,False,18,29,,,,,
504,77,0,1.0,29,10,0.0,0.0,0.0,False,13,29,,,,,
504,78,0,1.0,41,0,0.0,0.0,0.0,False,50,41,,,,,
504,78,0,1.0,41,1,0.0,0.0,0.0,False,45,41,,,,,
504,78,0,1.0,41,2,0.0,0.0,0.0,False,44,41,,,,,
504,78,0,1.0,41,3,1.0,0.9534883720930233,0.9761904761904762,True,43,41,0.8586057455108165,0.9291565839186122,0.06442102633155783,"[-0.14199838364480322, -0.1929504787597489]",0.23956925556371592
504,78,0,1.0,41,4,0.0,0.0,0.0,False,43,41,,,,,
504,78,0,1.0,41,5,0.0,0.0,0.0,False,33,41,,,,,
504,78,0,1.0,41,6,0.0,0.0,0.0,False,30,41,,,,,
504,78,0,1.0,41,7,0.0,0.0,0.0,False,29,41,,,,,
504,78,0,1.0,41,8,0.0,0.0,0.0,False,26,41,,,,,
504,78,0,1.0,41,9,0.0,0.0,0.0,False,21,41,,,,,
504,78,0,1.0,41,10,0.0,0.0,0.0,False,16,41,,,,,
504,79,0,1.0,43,0,0.0,0.0,0.0,False,50,43,,,,,
504,79,0,1.0,43,1,0.0,0.0,0.0,False,46,43,,,,,
504,79,0,1.0,43,2,0.0,0.0,0.0,False,45,43,,,,,
504,79,0,1.0,43,3,1.0,1.0,1.0,True,43,43,0.8415967940575118,0.9366387176230047,0.07217052162331558,"[-0.052093023255813775, -0.12372093023255815]",0.13424064827592377
504,79,0,1.0,43,4,0.0,0.0,0.0,False,43,43,,,,,
504,79,0,1.0,43,5,0.0,0.0,0.0,False,42,43,,,,,
504,79,0,1.0,43,6,0.0,0.0,0.0,False,30,43,,,,,
504,79,0,1.0,43,7,0.0,0.0,0.0,False,29,43,,,,,
504,79,0,1.0,43,8,0.0,0.0,0.0,False,29,43,,,,,
504,79,0,1.0,43,9,0.0,0.0,0.0,False,26,43,,,,,
504,80,0,1.0,43,0,0.0,0.0,0.0,False,54,43,,,,,
504,80,0,1.0,43,1,0.0,0.0,0.0,False,52,43,,,,,
504,80,0,1.0,43,2,0.0,0.0,0.0,False,47,43,,,,,
504,80,0,1.0,43,3,0.0,0.0,0.0,False,42,43,,,,,
504,80,0,1.0,43,4,0.9767441860465116,1.0,0.9882352941176471,True,42,43,0.8346505282306284,0.9268013877628396,0.07533532895835401,"[0.02968474451214853, -0.16253240870133023]",0.16522096699574113
504,80,0,1.0,43,5,0.0,0.0,0.0,False,34,43,,,,,
504,80,0,1.0,43,6,0.0,0.0,0.0,False,33,43,,,,,
504,80,0,1.0,43,7,0.0,0.0,0.0,False,30,43,,,,,
504,80,0,1.0,43,8,0.0,0.0,0.0,False,29,43,,,,,
504,80,0,1.0,43,9,0.0,0.0,0.0,False,16,43,,,,,
504,81,0,1.0,42,0,0.0,0.0,0.0,False,54,42,,,,,
504,81,0,1.0,42,1,0.0,0.0,0.0,False,52,42,,,,,
504,81,0,1.0,42,2,1.0,0.9333333333333333,0.9655172413793104,True,45,42,0.8189098511875483,0.9068742853026056,0.08250698224746542,"[0.1743605133708338, -0.09825422249194293]",0.20013865408870157
504,81,0,1.0,42,3,0.0,0.0,0.0,False,42,42,,,,,
504,81,0,1.0,42,4,0.0,0.0,0.0,False,33,42,,,,,
504,81,0,1.0,42,5,0.0,0.0,0.0,False,33,42,,,,,
504,81,0,1.0,42,6,0.0,0.0,0.0,False,30,42,,,,,
504,81,0,1.0,42,7,0.0,0.0,0.0,False,29,42,,,,,
504,81,0,1.0,42,8,0.0,0.0,0.0,False,26,42,,,,,
504,81,0,1.0,42,9,0.0,0.0,0.0,False,26,42,,,,,
504,81,0,1.0,42,10,0.0,0.0,0.0,False,22,42,,,,,
504,82,0,1.0,45,0,0.0,0.0,0.0,False,55,45,,,,,
504,82,0,1.0,45,1,0.0,0.0,0.0,False,52,45,,,,,
504,82,0,1.0,45,2,0.0,0.0,0.0,False,50,45,,,,,
504,82,0,1.0,45,3,0.0,0.0,0.0,False,46,45,,,,,
504,82,0,1.0,45,4,1.0,1.0,1.0,True,45,45,0.8277304434425675,0.931092177377027,0.07848820787807266,"[-0.03111111111111109, -0.14933333333333376]",0.152539652808745
504,82,0,1.0,45,5,0.0,0.0,0.0,False,42,45,,,,,
504,82,0,1.0,45,6,0.0,0.0,0.0,False,33,45,,,,,
504,82,0,1.0,45,7,0.0,0.0,0.0,False,30,45,,,,,
504,82,0,1.0,45,8,0.0,0.0,0.0,False,29,45,,,,,
504,83,0,1.0,45,0,0.0,0.0,0.0,False,62,45,,,,,
504,83,0,1.0,45,1,0.0,0.0,0.0,False,54,45,,,,,
504,83,0,1.0,45,2,0.0,0.0,0.0,False,53,45,,,,,
504,83,0,1.0,45,3,1.0,1.0,1.0,True,45,45,0.8792777174753764,0.9517110869901506,0.0550026121600257,"[-0.031111111111111256, -0.13688888888888862]",0.14037973192666525
504,83,0,1.0,45,4,0.0,0.0,0.0,False,42,45,,,,,
504,83,0,1.0,45,5,0.0,0.0,0.0,False,33,45,,,,,
504,83,0,1.0,45,6,0.0,0.0,0.0,False,33,45,,,,,
504,83,0,1.0,45,7,0.0,0.0,0.0,False,30,45,,,,,
504,83,0,1.0,45,8,0.0,0.0,0.0,False,29,45,,,,,
504,84,0,1.0,45,0,0.0,0.0,0.0,False,55,45,,,,,
504,84,0,1.0,45,1,0.0,0.0,0.0,False,54,45,,,,,
504,84,0,1.0,45,2,0.0,0.0,0.0,False,54,45,,,,,
504,84,0,1.0,45,3,1.0,1.0,1.0,True,45,45,0.8660222448938413,0.9464088979575365,0.061041974588840954,"[-0.018666666666666776, -0.14933333333333376]",0.15049547796824003
504,84,0,1.0,45,4,0.0,0.0,0.0,False,42,45,,,,,
504,84,0,1.0,45,5,0.0,0.0,0.0,False,33,45,,,,,
504,84,0,1.0,45,6,0.0,0.0,0.0,False,29,45,,,,,
504,84,0,1.0,45,7,0.0,0.0,0.0,False,29,45,,,,,
504,84,0,1.0,45,8,0.0,0.0,0.0,False,28,45,,,,,
504,84,0,1.0,45,9,0.0,0.0,0.0,False,13,45,,,,,
504,85,0,1.0,45,0,0.0,0.0,0.0,False,55,45,,,,,
504,85,0,1.0,45,1,0.0,0.0,0.0,False,54,45,,,,,
504,85,0,1.0,45,2,0.0,0.0,0.0,False,53,45,,,,,
504,85,0,1.0,45,3,1.0,0.9574468085106383,0.9782608695652174,True,47,45,0.8512128552088696,0.9274416638226782,0.06778932147571778,"[-0.0017391387405171765, -0.2080439647341672]",0.20805123375233844
504,85,0,1.0,45,4,0.0,0.0,0.0,False,42,45,,,,,
504,85,0,1.0,45,5,0.0,0.0,0.0,False,33,45,,,,,
504,85,0,1.0,45,6,0.0,0.0,0.0,False,29,45,,,,,
504,85,0,1.0,45,7,0.0,0.0,0.0,False,28,45,,,,,
504,85,0,1.0,45,8,0.0,0.0,0.0,False,27,45,,,,,
504,85,0,1.0,45,9,0.0,0.0,0.0,False,15,45,,,,,
504,86,0,1.0,47,0,0.0,0.0,0.0,False,59,47,,,,,
504,86,0,1.0,47,1,0.0,0.0,0.0,False,56,47,,,,,
504,86,0,1.0,47,2,0.0,0.0,0.0,False,51,47,,,,,
504,86,0,1.0,47,3,1.0,1.0,1.0,True,47,47,0.8474666511582429,0.9389866604632972,0.06949613983733141,"[-0.011914893617021305, -0.13702127659574437]",0.1375383398541382
504,86,0,1.0,47,4,0.0,0.0,0.0,False,42,47,,,,,
504,86,0,1.0,47,5,0.0,0.0,0.0,False,33,47,,,,,
504,86,0,1.0,47,6,0.0,0.0,0.0,False,29,47,,,,,
504,86,0,1.0,47,7,0.0,0.0,0.0,False,28,47,,,,,
504,86,0,1.0,47,8,0.0,0.0,0.0,False,27,47,,,,,
504,86,0,1.0,47,9,0.0,0.0,0.0,False,13,47,,,,,
504,87,0,1.0,47,0,0.0,0.0,0.0,False,59,47,,,,,
504,87,0,1.0,47,1,0.0,0.0,0.0,False,56,47,,,,,
504,87,0,1.0,47,2,0.0,0.0,0.0,False,51,47,,,,,
504,87,0,1.0,47,3,1.0,1.0,1.0,True,47,47,0.8312353075261726,0.9324941230104691,0.07689134708458317,"[-0.03574468085106386, -0.13702127659574526]",0.1416068940732482
504,87,0,1.0,47,4,0.0,0.0,0.0,False,42,47,,,,,
504,87,0,1.0,47,5,0.0,0.0,0.0,False,33,47,,,,,
504,87,0,1.0,47,6,0.0,0.0,0.0,False,30,47,,,,,
504,87,0,1.0,47,7,0.0,0.0,0.0,False,29,47,,,,,
504,87,0,1.0,47,8,0.0,0.0,0.0,False,27,47,,,,,
504,87,0,1.0,47,9,0.0,0.0,0.0,False,13,47,,,,,
504,88,0,1.0,47,0,0.0,0.0,0.0,False,57,47,,,,,
504,88,0,1.0,47,1,0.0,0.0,0.0,False,52,47,,,,,
504,88,0,1.0,47,2,0.9787234042553191,1.0,0.989247311827957,True,46,47,0.8320497019471638,0.9263682678756398,0.07652029859588406,"[-0.038621118653755615, -0.08895094298086281]",0.096973507017392
504,88,0,1.0,47,3,0.0,0.0,0.0,False,42,47,,,,,
504,88,0,1.0,47,4,0.0,0.0,0.0,False,42,47,,,,,
504,88,0,1.0,47,5,0.0,0.0,0.0,False,33,47,,,,,
504,88,0,1.0,47,6,0.0,0.0,0.0,False,30,47,,,,,
504,88,0,1.0,47,7,0.0,0.0,0.0,False,29,47,,,,,
504,88,0,1.0,47,8,0.02127659574468085,0.03571428571428571,0.02666666666666667,False,28,47,,,,,
504,88,0,1.0,47,9,0.0,0.0,0.0,False,21,47,,,,,
504,88,0,1.0,47,10,0.0,0.0,0.0,False,15,47,,,,,
504,89,0,1.0,46,0,0.0,0.0,0.0,False,58,46,,,,,
504,89,0,1.0,46,1,0.0,0.0,0.0,False,51,46,,,,,
504,89,0,1.0,46,2,0.9782608695652174,1.0,0.989010989010989,True,45,46,0.8000455322544165,0.9134248063083601,0.09110180663483933,"[-0.06753572369319794, -0.11340698353792611]",0.13199324941047333
504,89,0,1.0,46,3,0.0,0.0,0.0,False,42,46,,,,,
504,89,0,1.0,46,4,0.0,0.0,0.0,False,42,46,,,,,
504,89,0,1.0,46,5,0.0,0.0,0.0,False,33,46,,,,,
504,89,0,1.0,46,6,0.0,0.0,0.0,False,30,46,,,,,
504,89,0,1.0,46,7,0.0,0.0,0.0,False,29,46,,,,,
504,89,0,1.0,46,8,0.021739130434782608,0.034482758620689655,0.02666666666666667,False,29,46,,,,,
504,89,0,1.0,46,9,0.0,0.0,0.0,False,21,46,,,,,
504,89,0,1.0,46,10,0.0,0.0,0.0,False,15,46,,,,,
504,90,0,1.0,45,0,0.0,0.0,0.0,False,59,45,,,,,
504,90,0,1.0,45,1,0.0,0.0,0.0,False,52,45,,,,,
504,90,0,1.0,45,2,0.4222222222222222,0.3958333333333333,0.40860215053763443,True,48,45,0.25218471410056986,0.34603517596280864,0.34071418529777636,"[23.015082870628405, -1.6154920768083523]",23.071711124061075
504,90,0,1.0,45,3,0.0,0.0,0.0,False,42,45,,,,,
504,90,0,1.0,45,4,0.0,0.0,0.0,False,42,45,,,,,
504,90,0,1.0,45,5,0.0,0.0,0.0,False,32,45,,,,,
504,90,0,1.0,45,6,0.0,0.0,0.0,False,30,45,,,,,
504,90,0,1.0,45,7,0.0,0.0,0.0,False,29,45,,,,,
504,90,0,1.0,45,8,0.5777777777777777,1.0,0.7323943661971831,True,26,45,0.5810910352310728,0.671873033810739,0.19086026902153314,"[-0.10872638018129366, -0.16305096360843851]",0.19597714785394635
504,90,0,1.0,45,9,0.0,0.0,0.0,False,14,45,,,,,
504,90,0,1.0,45,10,0.0,0.0,0.0,False,13,45,,,,,
504,91,2,0.7863984831218018,26,0,0.0,0.0,0.0,False,57,26,,,,,
504,91,2,0.7863984831218018,26,1,0.0,0.0,0.0,False,53,26,,,,,
504,91,2,0.7863984831218018,26,2,0.0,0.0,0.0,False,52,26,,,,,
504,91,2,0.7863984831218018,26,3,0.0,0.0,0.0,False,48,26,,,,,
504,91,2,0.7863984831218018,26,4,0.0,0.0,0.0,False,43,26,,,,,
504,91,2,0.7863984831218018,26,5,0.0,0.0,0.0,False,35,26,,,,,
504,91,2,0.7863984831218018,26,6,0.0,0.0,0.0,False,29,26,,,,,
504,91,2,0.7863984831218018,26,7,0.0,0.0,0.0,False,27,26,,,,,
504,91,2,0.7863984831218018,26,8,1.0,1.0,1.0,True,26,26,0.9803517709185653,0.9921407083674261,0.008951983852500971,"[-0.010769230769230864, -0.26923076923076916]",0.26944606776116187
504,91,2,0.7863984831218018,26,9,0.0,0.0,0.0,False,15,26,,,,,
504,91,2,0.7863984831218018,26,10,0.0,0.0,0.0,False,13,26,,,,,
504,91,1,0.21360151687819826,48,0,0.0,0.0,0.0,False,57,48,,,,,
504,91,1,0.21360151687819826,48,1,0.0,0.0,0.0,False,53,48,,,,,
504,91,1,0.21360151687819826,48,2,0.0,0.0,0.0,False,52,48,,,,,
504,91,1,0.21360151687819826,48,3,1.0,1.0,1.0,True,48,48,0.8240675347805688,0.9296270139122276,0.08015707579789867,"[-0.163333333333334, -0.046666666666666856]",0.16986923074987945
504,91,1,0.21360151687819826,48,4,0.0,0.0,0.0,False,43,48,,,,,
504,91,1,0.21360151687819826,48,5,0.0,0.0,0.0,False,35,48,,,,,
504,91,1,0.21360151687819826,48,6,0.0,0.0,0.0,False,29,48,,,,,
504,91,1,0.21360151687819826,48,7,0.0,0.0,0.0,False,27,48,,,,,
504,91,1,0.21360151687819826,48,8,0.0,0.0,0.0,False,26,48,,,,,
504,91,1,0.21360151687819826,48,9,0.0,0.0,0.0,False,15,48,,,,,
504,91,1,0.21360151687819826,48,10,0.0,0.0,0.0,False,13,48,,,,,
504,92,2,0.7863984831218018,26,0,0.0,0.0,0.0,False,64,26,,,,,
504,92,2,0.7863984831218018,26,1,0.0,0.0,0.0,False,57,26,,,,,
504,92,2,0.7863984831218018,26,2,0.0,0.0,0.0,False,52,26,,,,,
504,92,2,0.7863984831218018,26,3,0.0,0.0,0.0,False,46,26,,,,,
504,92,2,0.7863984831218018,26,4,0.0,0.0,0.0,False,45,26,,,,,
504,92,2,0.7863984831218018,26,5,0.0,0.0,0.0,False,34,26,,,,,
504,92,2,0.7863984831218018,26,6,0.0,0.0,0.0,False,29,26,,,,,
504,92,2,0.7863984831218018,26,7,1.0,0.9285714285714286,0.9629629629629629,True,28,26,0.883802729395079,0.9312988695358093,0.052940958996798584,"[-0.09128610052947495, -0.33796384429167636]",0.3500752950413466
504,92,2,0.7863984831218018,26,8,0.0,0.0,0.0,False,27,26,,,,,
504,92,2,0.7863984831218018,26,9,0.0,0.0,0.0,False,13,26,,,,,
504,92,1,0.21360151687819826,48,0,0.0,0.0,0.0,False,64,48,,,,,
504,92,1,0.21360151687819826,48,1,0.0,0.0,0.0,False,57,48,,,,,
504,92,1,0.21360151687819826,48,2,0.0,0.0,0.0,False,52,48,,,,,
504,92,1,0.21360151687819826,48,3,0.9583333333333334,1.0,0.9787234042553191,True,46,48,0.8099827290185151,0.9112271341605975,0.08657429300485069,"[-0.20307606279746793, 0.059200730845550886]",0.21152922685522324
504,92,1,0.21360151687819826,48,4,0.0,0.0,0.0,False,45,48,,,,,
504,92,1,0.21360151687819826,48,5,0.0,0.0,0.0,False,34,48,,,,,
504,92,1,0.21360151687819826,48,6,0.0,0.0,0.0,False,29,48,,,,,
504,92,1,0.21360151687819826,48,7,0.041666666666666664,0.07142857142857142,0.05263157894736842,False,28,48,,,,,
504,92,1,0.21360151687819826,48,8,0.0,0.0,0.0,False,27,48,,,,,
504,92,1,0.21360151687819826,48,9,0.0,0.0,0.0,False,13,48,,,,,
504,93,2,0.7863984831218018,28,0,0.0,0.0,0.0,False,66,28,,,,,
504,93,2,0.7863984831218018,28,1,0.0,0.0,0.0,False,56,28,,,,,
504,93,2,0.7863984831218018,28,2,0.0,0.0,0.0,False,52,28,,,,,
504,93,2,0.7863984831218018,28,3,0.03571428571428571,0.02040816326530612,0.025974025974025976,False,49,28,,,,,
504,93,2,0.7863984831218018,28,4,0.0,0.0,0.0,False,44,28,,,,,
504,93,2,0.7863984831218018,28,5,0.0,0.0,0.0,False,34,28,,,,,
504,93,2,0.7863984831218018,28,6,0.0,0.0,0.0,False,29,28,,,,,
504,93,2,0.7863984831218018,28,7,0.9642857142857143,1.0,0.9818181818181818,True,27,28,0.9122266201929494,0.953981557168089,0.0399906717015322,"[0.06613782962497716, -0.1863823690738058]",0.19776905725888178
504,93,2,0.7863984831218018,28,8,0.0,0.0,0.0,False,27,28,,,,,
504,93,1,0.21360151687819826,46,0,0.0,0.0,0.0,False,66,46,,,,,
504,93,1,0.21360151687819826,46,1,0.0,0.0,0.0,False,56,46,,,,,
504,93,1,0.21360151687819826,46,2,0.0,0.0,0.0,False,52,46,,,,,
504,93,1,0.21360151687819826,46,3,1.0,0.9387755102040817,0.968421052631579,True,49,46,0.808925353660438,0.9046227730431227,0.08705604670857156,"[-0.2475711148337716, -0.08463277999078489]",0.261637467402903
504,93,1,0.21360151687819826,46,4,0.0,0.0,0.0,False,44,46,,,,,
504,93,1,0.21360151687819826,46,5,0.0,0.0,0.0,False,34,46,,,,,
504,93,1,0.21360151687819826,46,6,0.0,0.0,0.0,False,29,46,,,,,
504,93,1,0.21360151687819826,46,7,0.0,0.0,0.0,False,27,46,,,,,
504,93,1,0.21360151687819826,46,8,0.0,0.0,0.0,False,27,46,,,,,
