T_ramp,K,L_max_ramp,t_peak_ramp,L_max_post,t_peak_post,L_max_full,t_peak_full,t_peak_full_over_Tramp,peak_location,refine_t,refine_L,refine_vs_coarse_diff
0.001,1,0.0422786940140325,0.0,0.07872930031836045,0.06804252126063032,0.07872930031836045,0.06804252126063032,68.04252126063031,post-ramp,nan,nan,nan
0.001,2,8.881784197001252e-16,0.0,0.026627718068639616,0.06804252126063032,0.026627718068639616,0.06804252126063032,68.04252126063031,post-ramp,nan,nan,nan
0.001,3,0.0,0.0,4.222250120911042e-05,0.10406503251625812,4.222250120911042e-05,0.10406503251625812,104.06503251625811,post-ramp,0.10123259579789896,4.2189493434818814e-05,-3.300777429160462e-08
0.001,4,0.0,0.0,1.639507330875034e-05,0.10406503251625812,1.639507330875034e-05,0.10406503251625812,104.06503251625811,post-ramp,nan,nan,nan
0.00113036,1,0.0422786940140325,0.0,0.07868684901770795,0.06804362987493746,0.07868684901770795,0.06804362987493746,60.19642403741946,post-ramp,nan,nan,nan
0.00113036,2,8.881784197001252e-16,0.0,0.026591687016994214,0.06804362987493746,0.026591687016994214,0.06804362987493746,60.19642403741946,post-ramp,nan,nan,nan
0.00113036,3,0.0,0.0,4.222337654624653e-05,0.104066728044022,4.222337654624653e-05,0.104066728044022,92.0651191160533,post-ramp,0.10123424517687511,4.2187001999316465e-05,-3.637454693006248e-08
0.00113036,4,0.0,0.0,1.639543139564381e-05,0.104066728044022,1.639543139564381e-05,0.104066728044022,92.0651191160533,post-ramp,nan,nan,nan
0.00127771,1,0.0422786940140325,0.0,0.07863887000772074,0.06804488297648824,0.07863887000772074,0.06804488297648824,53.255341960607836,post-ramp,nan,nan,nan
0.00127771,2,8.881784197001252e-16,0.0,0.026550968994232704,0.06804488297648824,0.026550968994232704,0.06804488297648824,53.255341960607836,post-ramp,nan,nan,nan
0.00127771,3,0.0,0.0,4.222428264633038e-05,0.10406864455227613,4.222428264633038e-05,0.10406864455227613,81.44934652798845,post-ramp,0.10123610952170585,4.218409988521188e-05,-4.0182761118501276e-08
0.00127771,4,0.0,0.0,1.639580380974337e-05,0.10406864455227613,1.639580380974337e-05,0.10406864455227613,81.44934652798845,post-ramp,nan,nan,nan
0.00144428,1,0.0422786940140325,0.0,0.0785846092515925,0.06804629952976488,0.0785846092515925,0.06804629952976488,47.11434038397324,post-ramp,nan,nan,nan
0.00144428,2,8.881784197001252e-16,0.0,0.026504925716375638,0.06804629952976488,0.026504925716375638,0.06804629952976488,47.11434038397324,post-ramp,nan,nan,nan
0.00144428,3,0.0,0.0,4.22251872578272e-05,0.10407081104552275,4.22251872578272e-05,0.10407081104552275,72.05722646960614,post-ramp,0.10563987865820909,4.218603491423778e-05,-3.9152343589421434e-08
0.00144428,4,0.0,0.0,1.639617836435292e-05,0.10407081104552275,1.639617836435292e-05,0.10407081104552275,72.05722646960614,post-ramp,nan,nan,nan
0.00163255,1,0.0422786940140325,0.0,0.07852326308395874,0.06804790062531266,0.07852326308395874,0.06804790062531266,41.68197030737966,post-ramp,nan,nan,nan
0.00163255,2,8.881784197001252e-16,0.0,0.026452877650908313,0.06804790062531266,0.026452877650908313,0.06804790062531266,41.68197030737966,post-ramp,nan,nan,nan
0.00163255,3,0.0,0.0,4.2226057005656514e-05,0.10407325977988995,4.2226057005656514e-05,0.10407325977988995,63.74889576422771,post-ramp,0.10564236431195596,4.218951444645569e-05,-3.654255920082505e-08
0.00163255,4,0.0,0.0,1.6396542450891616e-05,0.10407325977988995,1.6396542450891616e-05,0.10407325977988995,63.74889576422771,post-ramp,nan,nan,nan
0.00184537,1,0.0422786940140325,0.0,0.07845389629171695,0.06804971050025013,0.07845389629171695,0.06804971050025013,36.87591675395727,post-ramp,nan,nan,nan
0.00184537,2,8.881784197001252e-16,0.0,0.026394034340987638,0.06804971050025013,0.026394034340987638,0.06804971050025013,36.87591675395727,post-ramp,nan,nan,nan
0.00184537,3,0.0,0.0,4.22268512894064e-05,0.10407602782391197,4.22268512894064e-05,0.10407602782391197,56.398460917817005,post-ramp,0.1056451740895648,4.2193260822109835e-05,-3.3590467296562565e-08
0.00184537,4,0.0,0.0,1.6396880715419115e-05,0.10407602782391197,1.6396880715419115e-05,0.10407602782391197,56.398460917817005,post-ramp,nan,nan,nan
0.002,1,0.0422786940140325,0.0,0.07840348207685288,0.06805102551275638,0.07840348207685288,0.06805102551275638,34.02551275637819,post-ramp,nan,nan,nan
0.002,2,8.881784197001252e-16,0.0,0.026351274840724415,0.06805102551275638,0.026351274840724415,0.06805102551275638,34.02551275637819,post-ramp,nan,nan,nan
0.002,3,0.0,0.0,4.222730055314372e-05,0.10407803901950975,4.222730055314372e-05,0.10407803901950975,52.03901950975487,post-ramp,0.10564721560780391,4.21958593062044e-05,-3.1441246939323264e-08
0.002,4,0.0,0.0,1.639707687939307e-05,0.10407803901950975,1.639707687939307e-05,0.10407803901950975,52.03901950975487,post-ramp,nan,nan,nan
0.00208593,1,0.0422786940140325,0.0,0.07837545291213033,0.06805175628314157,0.07837545291213033,0.06805175628314157,32.62418023765973,post-ramp,nan,nan,nan
0.00208593,2,8.881784197001252e-16,0.0,0.026327503825164023,0.06805175628314157,0.026327503825164023,0.06805175628314157,32.62418023765973,post-ramp,nan,nan,nan
0.00208593,3,0.0,0.0,4.222749893756372e-05,0.10407915666833417,4.222749893756372e-05,0.10407915666833417,49.89580506936195,post-ramp,0.10564835010733366,4.219725358822757e-05,-3.0245349336155414e-08
0.00208593,4,0.0,0.0,1.6397165992110274e-05,0.10407915666833417,1.6397165992110274e-05,0.10407915666833417,49.89580506936195,post-ramp,nan,nan,nan
0.00235785,1,0.0422786940140325,0.0,0.0782867668419076,0.06805406875937968,0.0782867668419076,0.06805406875937968,28.862764280755638,post-ramp,nan,nan,nan
0.00235785,2,8.881784197001252e-16,0.0,0.026252302247583792,0.06805406875937968,0.026252302247583792,0.06805406875937968,28.862764280755638,post-ramp,nan,nan,nan
0.00235785,3,0.0,0.0,4.222792610963921e-05,0.10408269339669834,4.222792610963921e-05,0.10408269339669834,44.143051252920394,post-ramp,0.10565194015867935,4.2201471226910314e-05,-2.6454882728899065e-08
0.00235785,4,0.0,0.0,1.639737012393283e-05,0.10408269339669834,1.639737012393283e-05,0.10408269339669834,44.143051252920394,post-ramp,nan,nan,nan
0.00266522,1,0.0422786940140325,0.0,0.07818646687834097,0.06805668271135569,0.07818646687834097,0.06805668271135569,25.535108813289597,post-ramp,nan,nan,nan
0.00266522,2,8.881784197001252e-16,0.0,0.02616727307696909,0.06805668271135569,0.02616727307696909,0.06805668271135569,25.535108813289597,post-ramp,nan,nan,nan
0.00266522,3,0.0,0.0,4.2228005962208215e-05,0.10408669120560282,4.2228005962208215e-05,0.10408669120560282,39.05369583208997,post-ramp,0.10565599824224114,4.22058453342089e-05,-2.216062799931251e-08
0.00266522,4,0.0,0.0,1.6397444476901057e-05,0.10408669120560282,1.6397444476901057e-05,0.10408669120560282,39.05369583208997,post-ramp,nan,nan,nan
0.00301266,1,0.0422786940140325,0.0,0.07807303652835262,0.06805963742871436,0.07807303652835262,0.06805963742871436,22.59121089957525,post-ramp,nan,nan,nan
0.00301266,2,8.881784197001252e-16,0.0,0.026071138973677854,0.06805963742871436,0.026071138973677854,0.06805963742871436,22.59121089957525,post-ramp,nan,nan,nan
0.00301266,3,0.0,0.0,4.2227584960308207e-05,0.10409121018509254,4.2227584960308207e-05,0.10409121018509254,34.55126372876214,post-ramp,0.10566058535403702,4.221028852757769e-05,-1.7296432730518063e-08
0.00301266,4,0.0,0.0,1.6397330109718666e-05,0.10409121018509254,1.6397330109718666e-05,0.10409121018509254,34.55126372876214,post-ramp,nan,nan,nan
0.00340539,1,0.0422786940140325,0.0,0.07812021620483733,0.07206668185092546,0.07812021620483733,0.07206668185092546,21.16253405657662,post-ramp,nan,nan,nan
0.00340539,2,8.881784197001252e-16,0.0,0.02596244898912392,0.06806297730365182,0.02596244898912392,0.06806297730365182,19.986837720100144,post-ramp,nan,nan,nan
0.00340539,3,0.0,0.0,4.2226449184390447e-05,0.10409631822911455,4.2226449184390447e-05,0.10409631822911455,30.568104748388453,post-ramp,0.10566577041164582,4.221467104592591e-05,-1.177813846453546e-08
0.00340539,4,0.0,0.0,1.639694473443143e-05,0.10409631822911455,1.639694473443143e-05,0.10409631822911455,30.568104748388453,post-ramp,nan,nan,nan
0.00384932,1,0.0422786940140325,0.0,0.07824621825604794,0.07207067921960982,0.07824621825604794,0.07207067921960982,18.722963853254555,post-ramp,nan,nan,nan
0.00384932,2,8.881784197001252e-16,0.0,0.025894514558883586,0.07207067921960982,0.025894514558883586,0.07207067921960982,18.722963853254555,post-ramp,nan,nan,nan
0.00384932,3,0.0,0.0,4.2224319512840225e-05,0.10410209220610306,4.2224319512840225e-05,0.10410209220610306,27.044281121367685,post-ramp,0.10567163144244124,4.2218803049998144e-05,-5.516462842081182e-09
0.00384932,4,0.0,0.0,1.6396180861910636e-05,0.10410209220610306,1.6396180861910636e-05,0.10410209220610306,27.044281121367685,post-ramp,nan,nan,nan
0.00435111,1,0.04267087598833985,0.004004177643821911,0.07838934473001302,0.0720751975887944,0.07838934473001302,0.0720751975887944,16.564784064019157,post-ramp,nan,nan,nan
0.00435111,2,3.411636882866276e-05,0.004004177643821911,0.02601827272808155,0.0720751975887944,0.02601827272808155,0.0720751975887944,16.564784064019157,post-ramp,nan,nan,nan
0.00435111,3,2.2931434529027683e-10,0.004004177643821911,4.222083880378591e-05,0.10410861873936969,4.222083880378591e-05,0.10410861873936969,23.92691031469434,post-ramp,0.10567825637574788,4.222242223228534e-05,1.5834284994298287e-09
0.00435111,4,8.917844240841077e-11,0.004004177643821911,1.6394900818283986e-05,0.10410861873936969,1.6394900818283986e-05,0.10410861873936969,23.92691031469434,post-ramp,nan,nan,nan
0.00491832,1,0.04261188631210011,0.0040044613906953476,0.07855204055996712,0.07208030503251625,0.07855204055996712,0.07208030503251625,14.655472810332846,post-ramp,nan,nan,nan
0.00491832,2,2.5224762922881894e-05,0.0040044613906953476,0.026158999593062227,0.07208030503251625,0.026158999593062227,0.07208030503251625,14.655472810332846,post-ramp,nan,nan,nan
0.00491832,3,1.482440836753085e-10,0.0040044613906953476,4.2215513528454096e-05,0.10411599615807904,4.2215513528454096e-05,0.10411599615807904,21.16901628159189,post-ramp,0.10568574502323164,4.2225160857611854e-05,9.647329157758122e-09
0.00491832,4,5.764899668747603e-11,0.0040044613906953476,1.6392914122143054e-05,0.10411599615807904,1.6392914122143054e-05,0.10411599615807904,21.16901628159189,post-ramp,nan,nan,nan
0.005,1,0.04260419822758266,0.004004502251125563,0.07857555102368874,0.07208104052026014,0.07857555102368874,0.07208104052026014,14.416208104052028,post-ramp,nan,nan,nan
0.005,2,2.4151148844353543e-05,0.004004502251125563,0.026179339565723048,0.07208104052026014,0.026179339565723048,0.07208104052026014,14.416208104052028,post-ramp,nan,nan,nan
0.005,3,1.3944490007133936e-10,0.004004502251125563,4.2214624468961404e-05,0.10411705852926464,4.2214624468961404e-05,0.10411705852926464,20.82341170585293,post-ramp,0.10568682341170588,4.222543490239872e-05,1.0810433437313804e-08
0.005,4,5.4228621593210846e-11,0.004004502251125563,1.639258060404103e-05,0.10411705852926464,1.639258060404103e-05,0.10411705852926464,20.82341170585293,post-ramp,nan,nan,nan
0.00555948,1,0.04255695940846582,0.004004782131065533,0.07873711616761003,0.07208607835917959,0.07873711616761003,0.07208607835917959,12.966334685830255,post-ramp,nan,nan,nan
0.00555948,2,1.800549870267787e-05,0.004004782131065533,0.026319145326828775,0.07208607835917959,0.026319145326828775,0.07208607835917959,12.966334685830255,post-ramp,nan,nan,nan
0.00555948,3,9.306067028092002e-11,0.004004782131065533,4.2207714610498215e-05,0.10412433540770386,4.2207714610498215e-05,0.10412433540770386,18.729150101754815,post-ramp,0.10569421000308155,4.2226518748300634e-05,1.8804137802419518e-08
0.00555948,4,3.61923824243604e-11,0.004004782131065533,1.6389977814057488e-05,0.10412433540770386,1.6389977814057488e-05,0.10412433540770386,18.729150101754815,post-ramp,nan,nan,nan
0.00628421,1,0.04250823983777163,0.00400514467733867,0.07894781810245544,0.07209260419209607,0.07894781810245544,0.07209260419209607,11.472023403434331,post-ramp,nan,nan,nan
0.00628421,2,1.2514713974454139e-05,0.00400514467733867,0.026501543973930453,0.07209260419209607,0.026501543973930453,0.07209260419209607,11.472023403434331,post-ramp,nan,nan,nan
0.00628421,3,5.739853037312059e-11,0.00400514467733867,4.2196614217893114e-05,0.10413376161080543,4.2196614217893114e-05,0.10413376161080543,16.57070047162737,post-ramp,0.10570377832432215,4.2225820564567584e-05,2.920634667447075e-08
0.00628421,4,2.2321700043903547e-11,0.00400514467733867,1.6385771941074267e-05,0.10413376161080543,1.6385771941074267e-05,0.10413376161080543,16.57070047162737,post-ramp,nan,nan,nan
0.00710342,1,0.04246632814692752,0.004005554487243622,0.0791879370272417,0.0720999807703852,0.0791879370272417,0.0720999807703852,10.150037695980977,post-ramp,nan,nan,nan
0.00710342,2,8.520097225961365e-06,0.004005554487243622,0.02670950895202928,0.0720999807703852,0.02670950895202928,0.0720999807703852,10.150037695980977,post-ramp,nan,nan,nan
0.00710342,3,3.505462586872454e-11,0.004005554487243622,4.2195034553493826e-05,0.10814997115557778,4.2195034553493826e-05,0.10814997115557778,15.225056543971466,post-ramp,0.10731681582223113,4.221653401437209e-05,2.149946087826038e-08
0.00710342,4,1.3632650563977222e-11,0.004005554487243622,1.6384117933476716e-05,0.10814997115557778,1.6384117933476716e-05,0.10814997115557778,15.225056543971466,post-ramp,nan,nan,nan
0.00802942,1,0.04321172206727475,0.008012035437718858,0.0790848016686807,0.07210831893946973,0.0790848016686807,0.07210831893946973,8.980514027099058,post-ramp,nan,nan,nan
0.00802942,2,0.00015917493730199794,0.008012035437718858,0.026929239084598322,0.07210831893946973,0.026929239084598322,0.07210831893946973,8.980514027099058,post-ramp,nan,nan,nan
0.00802942,3,4.40939551538122e-09,0.008012035437718858,4.2207459587828566e-05,0.1081624784092046,4.2207459587828566e-05,0.1081624784092046,13.470771040648588,post-ramp,0.10732922672368184,4.222212673354875e-05,1.4667145720181907e-08
0.00802942,4,1.7147643305293059e-09,0.008012035437718858,1.6389070844446962e-05,0.1081624784092046,1.6389070844446962e-05,0.1081624784092046,13.470771040648588,post-ramp,nan,nan,nan
0.00907613,1,0.04307612659508564,0.008013082671335669,0.07874223025656057,0.07211774404202102,0.07874223025656057,0.07211774404202102,7.9458694445783635,post-ramp,nan,nan,nan
0.00907613,2,0.00012137245375321015,0.008013082671335669,0.026638231918699518,0.07211774404202102,0.026638231918699518,0.07211774404202102,7.9458694445783635,post-ramp,nan,nan,nan
0.00907613,3,2.946263677472416e-09,0.008013082671335669,4.221693024319961e-05,0.10817661606303153,4.221693024319961e-05,0.10817661606303153,11.918804166867545,post-ramp,0.10734325546521262,4.222381052443325e-05,6.880281233634378e-09
0.00907613,4,1.1457705895168147e-09,0.008013082671335669,1.639289444810288e-05,0.10817661606303153,1.639289444810288e-05,0.10817661606303153,11.918804166867545,post-ramp,nan,nan,nan
0.01,1,0.04297175018762367,0.008014007003501751,0.07843939869797989,0.07212606303151575,0.07843939869797989,0.07212606303151575,7.212606303151575,post-ramp,nan,nan,nan
0.01,2,9.492445675896022e-05,0.008014007003501751,0.02638119030791053,0.07212606303151575,0.02638119030791053,0.07212606303151575,7.212606303151575,post-ramp,nan,nan,nan
0.01,3,2.08000550117049e-09,0.008014007003501751,4.222123241603981e-05,0.10818909454727364,4.222123241603981e-05,0.10818909454727364,10.818909454727365,post-ramp,0.10735563781890947,4.222118335128755e-05,-4.906475226107432e-11
0.01,4,8.088916203519148e-10,0.008014007003501751,1.6394694950960798e-05,0.10818909454727364,1.6394694950960798e-05,0.10818909454727364,10.818909454727365,post-ramp,nan,nan,nan
0.01025929,1,0.04294534169799569,0.008014266423211605,0.07835433058994656,0.07212839780890445,0.07835433058994656,0.07212839780890445,7.030544785156131,post-ramp,nan,nan,nan
0.01025929,2,8.862817096311204e-05,0.008014266423211605,0.026309020373630254,0.07212839780890445,0.026309020373630254,0.07212839780890445,7.030544785156131,post-ramp,nan,nan,nan
0.01025929,3,1.8913253185814938e-09,0.008014266423211605,4.222175013790519e-05,0.10819259671335667,4.222175013790519e-05,0.10819259671335667,10.545817177734197,post-ramp,0.10735911300534265,4.221974809759388e-05,-2.002040311310793e-09
0.01025929,4,7.355129838515495e-10,0.008014266423211605,1.6394932617735947e-05,0.10819259671335667,1.6394932617735947e-05,0.10819259671335667,10.545817177734197,post-ramp,nan,nan,nan
0.01159669,1,0.042827736253117976,0.008015604492246123,0.07814976849070554,0.07614824267633817,0.07814976849070554,0.07614824267633817,6.566377360810557,post-ramp,nan,nan,nan
0.01159669,2,6.268231730377494e-05,0.008015604492246123,0.025936582164947986,0.07214044043021511,0.025936582164947986,0.07214044043021511,6.220778552346843,post-ramp,nan,nan,nan
0.01159669,3,1.1839276226055517e-09,0.008015604492246123,4.22196000799957e-05,0.10821066064532266,4.22196000799957e-05,0.10821066064532266,9.331167828520265,post-ramp,0.10737703777812904,4.220745752281374e-05,-1.2142557181960001e-08
0.01159669,4,4.6041659373941e-10,0.008015604492246123,1.639428774602436e-05,0.10821066064532266,1.639428774602436e-05,0.10821066064532266,9.331167828520265,post-ramp,nan,nan,nan
0.01310844,1,0.04362298985924884,0.012025675497748875,0.07858558943273053,0.07616261148574287,0.07858558943273053,0.07616261148574287,5.810196444866274,post-ramp,nan,nan,nan
0.01310844,2,0.00029309557847412293,0.012025675497748875,0.026187275688565492,0.07616261148574287,0.026187275688565492,0.07616261148574287,5.810196444866274,post-ramp,nan,nan,nan
0.01310844,3,1.5752221749210094e-08,0.012025675497748875,4.2207348840861414e-05,0.10823107947973987,4.2207348840861414e-05,0.10823107947973987,8.256594947967864,post-ramp,0.10739729931189596,4.2183618310431825e-05,-2.3730530429588725e-08
0.01310844,4,6.125853602156894e-09,0.012025675497748875,1.6389747333533933e-05,0.10823107947973987,1.6389747333533933e-05,0.10823107947973987,8.256594947967864,post-ramp,nan,nan,nan
0.01481725,1,0.04340023938918147,0.012028239994997497,0.07908663553601336,0.07617885330165082,0.07908663553601336,0.07617885330165082,5.141227508589706,post-ramp,nan,nan,nan
0.01481725,2,0.00021677812498399618,0.012028239994997497,0.02662087204047303,0.07617885330165082,0.02662087204047303,0.07617885330165082,5.141227508589706,post-ramp,nan,nan,nan
0.01481725,3,1.0266695937843906e-08,0.012028239994997497,4.218080981832628e-05,0.10825415995497749,4.218080981832628e-05,0.10825415995497749,7.305954880627477,post-ramp,0.11189604373124064,4.2189165034400844e-05,8.355216074562577e-09
0.01481725,4,3.9926000283685426e-09,0.012028239994997497,1.6379689489198768e-05,0.10825415995497749,1.6379689489198768e-05,0.10825415995497749,7.305954880627477,post-ramp,nan,nan,nan
0.01674882,1,0.04429704506932364,0.0160415183991996,0.07887465531055415,0.0761972123961981,0.07887465531055415,0.0761972123961981,4.549407802830175,post-ramp,nan,nan,nan
0.01674882,2,0.0005621314824262313,0.0160415183991996,0.02674955260808254,0.0761972123961981,0.02674955260808254,0.0761972123961981,4.549407802830175,post-ramp,nan,nan,nan
0.01674882,3,5.2988946563914396e-08,0.0160415183991996,4.2200455381724566e-05,0.11229062879439722,4.2200455381724566e-05,0.11229062879439722,6.704390446276049,post-ramp,0.10905024207775887,4.217059713340632e-05,-2.985824831824857e-08
0.01674882,4,2.060673054415929e-08,0.0160415183991996,1.6386430951698117e-05,0.11229062879439722,1.6386430951698117e-05,0.11229062879439722,6.704390446276049,post-ramp,nan,nan,nan
0.0189322,1,0.0439647959850058,0.016045887343671836,0.07815435307504792,0.07621796488244122,0.07815435307504792,0.07621796488244122,4.025837719992459,post-ramp,nan,nan,nan
0.0189322,2,0.00042242119174762394,0.016045887343671836,0.02613808408059537,0.07621796488244122,0.02613808408059537,0.07621796488244122,4.025837719992459,post-ramp,nan,nan,nan
0.0189322,3,3.518877456087921e-08,0.016045887343671836,4.2207476703026714e-05,0.11232121140570285,4.2207476703026714e-05,0.11232121140570285,5.932813482094149,post-ramp,0.1136249397523762,4.219029924890094e-05,-1.7177454125771874e-08
0.0189322,4,1.3684481992015662e-08,0.016045887343671836,1.6389466327204616e-05,0.11232121140570285,1.6389466327204616e-05,0.11232121140570285,5.932813482094149,post-ramp,nan,nan,nan
0.02,1,0.04382350284274672,0.016048024012006,0.07825923957400871,0.08024012006003,0.07825923957400871,0.08024012006003,4.0120060030015,post-ramp,nan,nan,nan
0.02,2,0.0003667504710316294,0.016048024012006,0.025903831385749143,0.08024012006003,0.025903831385749143,0.08024012006003,4.0120060030015,post-ramp,nan,nan,nan
0.02,3,2.8938742069328782e-08,0.016048024012006,4.220304632962524e-05,0.11233616808404201,4.220304632962524e-05,0.11233616808404201,5.6168084042021,post-ramp,0.11364007003501751,4.219835849195164e-05,-4.68783767360037e-09
0.02,4,1.1253924903087409e-08,0.016048024012006,1.6387898811309753e-05,0.11233616808404201,1.6387898811309753e-05,0.11233616808404201,5.6168084042021,post-ramp,nan,nan,nan
0.02140019,1,0.04486337232565507,0.02006353224112056,0.07866778480609504,0.08025412896448224,0.07866778480609504,0.08025412896448224,3.75015964645558,post-ramp,nan,nan,nan
0.02140019,2,0.000822267697563106,0.02006353224112056,0.026256980373039696,0.08025412896448224,0.026256980373039696,0.08025412896448224,3.75015964645558,post-ramp,nan,nan,nan
0.02140019,3,1.1184151826881816e-07,0.02006353224112056,4.21893102213744e-05,0.11235578055027513,4.21893102213744e-05,0.11235578055027513,5.250223505037812,post-ramp,0.11365991014594795,4.220116221187453e-05,1.1851990500133525e-08
0.02140019,4,4.3493612267297976e-08,0.02006353224112056,1.6382766951927863e-05,0.11235578055027513,1.6382766951927863e-05,0.11235578055027513,5.250223505037812,post-ramp,nan,nan,nan
0.02418992,1,0.04582581160687482,0.024084612066033014,0.07907180897079513,0.08028204022011004,0.07907180897079513,0.08028204022011004,3.3188220639055457,post-ramp,nan,nan,nan
0.02418992,2,0.0013171909565343753,0.024084612066033014,0.02691534034219334,0.08028204022011004,0.02691534034219334,0.08028204022011004,3.3188220639055457,post-ramp,nan,nan,nan
0.02418992,3,2.578240101414053e-07,0.024084612066033014,4.217254776417434e-05,0.11640895831915957,4.217254776417434e-05,0.11640895831915957,4.812291992663042,post-ramp,0.1153719819663165,4.219140384353892e-05,1.8856079364582e-08
0.02418992,4,1.0026354235748158e-07,0.024084612066033014,1.6375501096455025e-05,0.11640895831915957,1.6375501096455025e-05,0.11640895831915957,4.812291992663042,post-ramp,nan,nan,nan
0.02734331,1,0.04523796693881277,0.024094076968484243,0.07807935149859713,0.08432926938969484,0.07807935149859713,0.08432926938969484,3.0840914794037317,post-ramp,nan,nan,nan
0.02734331,2,0.0010067394464723378,0.024094076968484243,0.02602664365765417,0.08031358989494747,0.02602664365765417,0.08031358989494747,2.9372299803845063,post-ramp,nan,nan,nan
0.02734331,3,1.7546176067639863e-07,0.024094076968484243,4.21831225434488e-05,0.11645470534767384,4.21831225434488e-05,0.11645470534767384,4.258983471557534,post-ramp,0.11541732147819744,4.217251593452431e-05,-1.0606608924490502e-08
0.02734331,4,6.823441722758616e-08,0.024094076968484243,1.6380054642439745e-05,0.11645470534767384,1.6380054642439745e-05,0.11645470534767384,4.258983471557534,post-ramp,nan,nan,nan
0.03090778,1,0.04607116237808917,0.028122238349174586,0.07913337813205068,0.08436671504752376,0.07913337813205068,0.08436671504752376,2.729627137488482,post-ramp,nan,nan,nan
0.03090778,2,0.001449585353031857,0.028122238349174586,0.026657745353399598,0.08436671504752376,0.026657745353399598,0.08436671504752376,2.729627137488482,post-ramp,nan,nan,nan
0.03090778,3,3.3490938822211547e-07,0.028122238349174586,4.214025506676933e-05,0.116506416018009,4.214025506676933e-05,0.116506416018009,3.7694850946269516,post-ramp,0.1200873143678039,4.213982351686241e-05,-4.3154990692073625e-10
0.03090778,4,1.3024031542130388e-07,0.028122238349174586,1.6363925602114193e-05,0.116506416018009,1.6363925602114193e-05,0.116506416018009,3.7694850946269516,post-ramp,nan,nan,nan
0.03493691,1,0.04687301309775105,0.03215582555277639,0.07815489301622236,0.08440904207603803,0.07815489301622236,0.08440904207603803,2.4160420047462132,post-ramp,nan,nan,nan
0.03493691,2,0.0019068524884167104,0.03215582555277639,0.026133869096749862,0.08440904207603803,0.026133869096749862,0.08440904207603803,2.4160420047462132,post-ramp,nan,nan,nan
0.03493691,3,5.492304335774634e-07,0.03215582555277639,4.2151356028696796e-05,0.12058434582291147,4.2151356028696796e-05,0.12058434582291147,3.4514885782088762,post-ramp,0.12188933640992829,4.212933193148416e-05,-2.2024097212636207e-08
0.03493691,4,2.1358424806550147e-07,0.03215582555277639,1.636765282242436e-05,0.12058434582291147,1.636765282242436e-05,0.12058434582291147,3.4514885782088762,post-ramp,nan,nan,nan
0.03949128,1,0.047606073884059796,0.03619580866433217,0.07929224699850668,0.08847864340170085,0.07929224699850668,0.08847864340170085,2.240460258611543,post-ramp,nan,nan,nan
0.03949128,2,0.0023456875447482872,0.03619580866433217,0.02684081539431382,0.08847864340170085,0.02684081539431382,0.08847864340170085,2.240460258611543,post-ramp,nan,nan,nan
0.03949128,3,8.047736308469666e-07,0.03619580866433217,4.209303724156399e-05,0.12065269554777389,4.209303724156399e-05,0.12065269554777389,3.0551730799248316,post-ramp,0.12195842583070202,4.212493854360844e-05,3.1901302044445856e-08
0.03949128,4,3.1295684888021924e-07,0.03619580866433217,1.6345668774953026e-05,0.12065269554777389,1.6345668774953026e-05,0.12065269554777389,3.0551730799248316,post-ramp,nan,nan,nan
0.04463936,1,0.05014385212659267,0.04426765030515257,0.07853570432773349,0.0925596324562281,0.07853570432773349,0.0925596324562281,2.0734981965742363,post-ramp,nan,nan,nan
0.04463936,2,0.003984939743970628,0.04426765030515257,0.02613537471920857,0.0925596324562281,0.02613537471920857,0.0925596324562281,2.0734981965742363,post-ramp,nan,nan,nan
0.04463936,3,1.938545180379947e-06,0.04426765030515257,4.209664699583726e-05,0.12475428722361179,4.209664699583726e-05,0.12475428722361179,2.794714960600057,post-ramp,0.12378039891689845,4.2079379362292e-05,-1.7267633545259287e-08
0.04463936,4,7.538278961050082e-07,0.04426765030515257,1.6346650949294883e-05,0.12475428722361179,1.6346650949294883e-05,0.12475428722361179,2.794714960600057,post-ramp,nan,nan,nan
0.05,1,0.05078471863153933,0.048324162081040525,0.07842039667981382,0.09262131065532768,0.07842039667981382,0.09262131065532768,1.8524262131065534,post-ramp,nan,nan,nan
0.05,2,0.0044181038125481464,0.048324162081040525,0.026352310851534,0.09262131065532768,0.026352310851534,0.09262131065532768,1.8524262131065534,post-ramp,nan,nan,nan
0.05,3,2.3640988944251262e-06,0.048324162081040525,4.205441466886839e-05,0.12886443221610808,4.205441466886839e-05,0.12886443221610808,2.577288644322161,post-ramp,0.12560792062698017,4.201154029193077e-05,-4.287437693761831e-08
0.05,4,9.1929826240289e-07,0.048324162081040525,1.6329873300691133e-05,0.12886443221610808,1.6329873300691133e-05,0.12886443221610808,2.577288644322161,post-ramp,nan,nan,nan
0.05045854,1,0.050665099020053006,0.048326914697348664,0.07826531776086831,0.09262658650325162,0.07826531776086831,0.09262658650325162,1.8356969207442706,post-ramp,nan,nan,nan
0.05045854,2,0.004335783239287849,0.048326914697348664,0.026220559130382348,0.09262658650325162,0.026220559130382348,0.09262658650325162,1.8356969207442706,post-ramp,nan,nan,nan
0.05045854,3,2.3043854016080445e-06,0.048326914697348664,4.2054389965962e-05,0.1288717725262631,4.2054389965962e-05,0.1288717725262631,2.554013107122463,post-ramp,0.13044642449681842,4.2011947807729655e-05,-4.244215823234754e-08
0.05045854,4,8.960794648515957e-07,0.048326914697348664,1.6329929222180795e-05,0.1288717725262631,1.6329929222180795e-05,0.1288717725262631,2.554013107122463,post-ramp,nan,nan,nan
0.05703631,1,0.0531298666740998,0.05642746790395198,0.07870387971370807,0.09673280212106053,0.07870387971370807,0.09673280212106053,1.6959863308313692,post-ramp,nan,nan,nan
0.05703631,2,0.006065665078721416,0.05642746790395198,0.026589048628202328,0.09673280212106053,0.026589048628202328,0.09673280212106053,1.6959863308313692,post-ramp,nan,nan,nan
0.05703631,3,3.990808870923956e-06,0.05642746790395198,4.198622867335189e-05,0.13300760291645825,4.198622867335189e-05,0.13300760291645825,2.331981204893133,post-ramp,0.1323667481024062,4.199982359054388e-05,1.3594917191994682e-08
0.05703631,4,1.5517907483442173e-06,0.05642746790395198,1.630326471691035e-05,0.13300760291645825,1.630326471691035e-05,0.13300760291645825,2.331981204893133,post-ramp,nan,nan,nan
0.06447155,1,0.05323321025226768,0.06051379352176088,0.07884113268829651,0.10085632253626813,0.07884113268829651,0.10085632253626813,1.5643539287680863,post-ramp,nan,nan,nan
0.06447155,2,0.006134552965802342,0.06051379352176088,0.026701099892902924,0.10085632253626813,0.026701099892902924,0.10085632253626813,1.5643539287680863,post-ramp,nan,nan,nan
0.06447155,3,4.221353816724616e-06,0.06051379352176088,4.190601613363043e-05,0.13716459864932465,4.190601613363043e-05,0.13716459864932465,2.1275213431245974,post-ramp,0.13430431334219609,4.192767988175916e-05,2.166374812873073e-08
0.06447155,4,1.6414221493121772e-06,0.06051379352176088,1.627204768350765e-05,0.13716459864932465,1.627204768350765e-05,0.13716459864932465,2.1275213431245974,post-ramp,nan,nan,nan
0.07287605,1,0.057679104756196864,0.07269223056528265,0.07863399759217504,0.10499988859429715,0.07863399759217504,0.10499988859429715,1.4408010394951039,post-ramp,nan,nan,nan
0.07287605,2,0.009438858157476027,0.07269223056528265,0.026519600490500395,0.10499988859429715,0.026519600490500395,0.10499988859429715,1.4408010394951039,post-ramp,nan,nan,nan
0.07287605,3,8.1234524405005e-06,0.07269223056528265,4.18183281194473e-05,0.14134600387693846,4.18183281194473e-05,0.14134600387693846,1.9395398608587933,post-ramp,0.14130831160923793,4.181948715675787e-05,1.1590373105718754e-09
0.07287605,4,3.1584062565315207e-06,0.07269223056528265,1.6238068730523025e-05,0.14134600387693846,1.6238068730523025e-05,0.14134600387693846,1.9395398608587933,post-ramp,nan,nan,nan
0.08237615,1,0.05956421705217263,0.0808641935967984,0.07832063173411186,0.11320987103551777,0.07832063173411186,0.11320987103551777,1.3743039828338395,post-ramp,nan,nan,nan
0.08237615,2,0.01088407710400574,0.0808641935967984,0.026001729279172103,0.10916666135567785,0.026001729279172103,0.10916666135567785,1.3252216977326308,post-ramp,nan,nan,nan
0.08237615,3,1.0184556811232426e-05,0.0808641935967984,4.171364320360027e-05,0.14555554847423713,4.171364320360027e-05,0.14555554847423713,1.7669622636435076,post-ramp,0.14336143335464402,4.1711666973753836e-05,-1.9762298464343075e-09
0.08237615,4,3.959558121380269e-06,0.0808641935967984,1.6197648144533616e-05,0.14555554847423713,1.6197648144533616e-05,0.14555554847423713,1.7669622636435076,post-ramp,nan,nan,nan
0.09311469,1,0.06107336967036581,0.08906879598799398,0.07932865792347954,0.11740886743871935,0.07932865792347954,0.11740886743871935,1.2609059584338342,post-ramp,nan,nan,nan
0.09311469,2,0.012054299418022829,0.08906879598799398,0.026793566243121347,0.11740886743871935,0.026793566243121347,0.11740886743871935,1.2609059584338342,post-ramp,nan,nan,nan
0.09311469,3,1.2003413618622005e-05,0.08906879598799398,4.1561233749654036e-05,0.14979752052526263,4.1561233749654036e-05,0.14979752052526263,1.6087420848983403,post-ramp,0.15063557692387694,4.155885182921537e-05,-2.3819204386654746e-09
0.09311469,4,4.666466925762336e-06,0.08906879598799398,1.6138875457372137e-05,0.14979752052526263,1.6138875457372137e-05,0.14979752052526263,1.6087420848983403,post-ramp,nan,nan,nan
0.1,1,0.06388980738183747,0.09724862431215608,0.0791356221597086,0.12156078039019509,0.0791356221597086,0.12156078039019509,1.215607803901951,post-ramp,nan,nan,nan
0.1,2,0.01428487567081671,0.09724862431215608,0.026621083963094705,0.12156078039019509,0.026621083963094705,0.12156078039019509,1.215607803901951,post-ramp,nan,nan,nan
0.1,3,1.5130845067545806e-05,0.09724862431215608,4.1442983881978535e-05,0.15397698849424712,4.1442983881978535e-05,0.15397698849424712,1.5397698849424712,post-ramp,0.15272221110555279,4.143648948762291e-05,-6.494394355627264e-09
0.1,4,5.88183589123048e-06,0.09724862431215608,1.609282053838257e-05,0.15397698849424712,1.609282053838257e-05,0.15397698849424712,1.5397698849424712,post-ramp,nan,nan,nan
0.10525311,1,0.06469908530341861,0.10136634704852425,0.07843490944695919,0.12569427034017006,0.07843490944695919,0.12569427034017006,1.194209561505309,post-ramp,nan,nan,nan
0.10525311,2,0.014929576169542713,0.10136634704852425,0.026028756717156654,0.1216396164582291,0.026028756717156654,0.1216396164582291,1.1556866724244927,post-ramp,nan,nan,nan
0.10525311,3,1.613357593033271e-05,0.10136634704852425,4.131912078086941e-05,0.15813150139569782,4.131912078086941e-05,0.15813150139569782,1.5023926741518405,post-ramp,0.1547810057379206,4.1323552432359634e-05,4.431651490222066e-09
0.10525311,4,6.271453988127007e-06,0.10136634704852425,1.6044364084422114e-05,0.15813150139569782,1.6044364084422114e-05,0.15813150139569782,1.5023926741518405,post-ramp,nan,nan,nan
0.11897388,1,0.07051054572876048,0.11778401326663333,0.0786068547943275,0.1299685663631816,0.0786068547943275,0.1299685663631816,1.0924126065585287,post-ramp,nan,nan,nan
0.11897388,2,0.019662951620218472,0.11778401326663333,0.02645639763077945,0.1299685663631816,0.02645639763077945,0.1299685663631816,1.0924126065585287,post-ramp,nan,nan,nan
0.11897388,3,2.262490640791981e-05,0.11778401326663333,4.1048294143308794e-05,0.162460707953977,4.1048294143308794e-05,0.162460707953977,1.3655157581981607,post-ramp,0.16246070795397696,4.1048294143308794e-05,0.0
0.11897388,4,8.793247300964424e-06,0.11778401326663333,1.5940023823546312e-05,0.162460707953977,1.5940023823546312e-05,0.162460707953977,1.3655157581981607,post-ramp,nan,nan,nan
0.1344833,1,0.07574120270839213,0.13428611750875438,0.07844459308095075,0.13835539379689846,0.07844459308095075,0.13835539379689846,1.02879237642814,post-ramp,nan,nan,nan
0.1344833,2,0.0240151617482951,0.13428611750875438,0.026302043710410672,0.13835539379689846,0.026302043710410672,0.13835539379689846,1.02879237642814,post-ramp,nan,nan,nan
0.1344833,3,2.8058511793105367e-05,0.13428611750875438,4.06692010352927e-05,0.17090960410205103,4.06692010352927e-05,0.17090960410205103,1.2708611708818198,post-ramp,0.17090960410205105,4.066920103618088e-05,8.881784197001252e-16
0.1344833,4,1.0903205597934118e-05,0.13428611750875438,1.579279737828898e-05,0.17090960410205103,1.579279737828898e-05,0.17090960410205103,1.2708611708818198,post-ramp,nan,nan,nan
0.15,1,0.07822891892363604,0.14677338669334666,0.07870424760143724,0.1508504252126063,0.07870424760143724,0.1508504252126063,1.0056695014173753,post-ramp,nan,nan,nan
0.15,2,0.026101081680963922,0.14677338669334666,0.02620330989878017,0.1508504252126063,0.02620330989878017,0.1508504252126063,1.0056695014173753,post-ramp,nan,nan,nan
0.15,3,3.0365339362070642e-05,0.14677338669334666,4.022279171955745e-05,0.17938969484742373,4.022279171955745e-05,0.17938969484742373,1.195931298982825,post-ramp,0.17938969484742376,4.022279171955745e-05,0.0
0.15,4,1.1798517108196904e-05,0.14677338669334666,1.561943725647552e-05,0.17938969484742373,1.561943725647552e-05,0.17938969484742373,1.195931298982825,post-ramp,nan,nan,nan
0.15201451,1,0.0793769878542454,0.1508877122911456,0.07703667783050427,0.15496575856928466,0.0793769878542454,0.1508877122911456,0.9925875647735575,during-ramp,nan,nan,nan
0.15201451,2,0.02678375610093653,0.1508877122911456,0.024761708208145272,0.15496575856928466,0.02678375610093653,0.1508877122911456,0.9925875647735575,during-ramp,nan,nan,nan
0.15201451,3,3.197887054717796e-05,0.1508877122911456,4.0138071521589325e-05,0.17943403623811907,4.0138071521589325e-05,0.17943403623811907,1.1803744013523385,post-ramp,0.17943403623811907,4.0138071521589325e-05,0.0
0.15201451,4,1.2424738023320003e-05,0.1508877122911456,1.5586806874523518e-05,0.17943403623811907,1.5586806874523518e-05,0.17943403623811907,1.1803744013523385,post-ramp,nan,nan,nan
0.1718311,1,0.07880177498454,0.1635183811905953,0.0724100276449331,0.17578225977988995,0.07880177498454,0.1635183811905953,0.9516227341301738,during-ramp,nan,nan,nan
0.1718311,2,0.026265880306445943,0.1635183811905953,0.020782587474283964,0.17578225977988995,0.026265880306445943,0.1635183811905953,0.9516227341301738,during-ramp,nan,nan,nan
0.1718311,3,3.591710846073681e-05,0.17169430025012505,3.9478876445286915e-05,0.19213409789894947,3.9478876445286915e-05,0.19213409789894947,1.1181567126029541,post-ramp,0.1921340978989495,3.9478876445286915e-05,0.0
0.1718311,4,1.3952087332569363e-05,0.17169430025012505,1.5330368760224644e-05,0.19213409789894947,1.5330368760224644e-05,0.19213409789894947,1.1181567126029541,post-ramp,nan,nan,nan
0.19423097,1,0.07905230764984417,0.17626409790395198,0.06914755643920589,0.1967599232416208,0.07905230764984417,0.17626409790395198,0.9074973877953242,during-ramp,nan,nan,nan
0.19423097,2,0.02646019734412519,0.17626409790395198,0.01800524310678675,0.1967599232416208,0.02646019734412519,0.17626409790395198,0.9074973877953242,during-ramp,nan,nan,nan
0.19423097,3,3.745744721328492e-05,0.19266075817408704,3.8562281239329366e-05,0.20495825337668835,3.8562281239329366e-05,0.20495825337668835,1.0552295206922375,post-ramp,0.20495825337668835,3.8562281239329366e-05,0.0
0.19423097,4,1.4548103606237817e-05,0.19266075817408704,1.4974337056550269e-05,0.20495825337668835,1.4974337056550269e-05,0.20495825337668835,1.0552295206922375,post-ramp,nan,nan,nan
0.2,1,0.07909706262309957,0.1763881940970485,0.06885407362632812,0.20100050025012503,0.07909706262309957,0.1763881940970485,0.8819409704852424,during-ramp,nan,nan,nan
0.2,2,0.026778763136240613,0.1763881940970485,0.017753521009277407,0.20100050025012503,0.026778763136240613,0.1763881940970485,0.8819409704852424,during-ramp,nan,nan,nan
0.2,3,3.740021296394502e-05,0.19689844922461228,3.8281825951891335e-05,0.20920460230115054,3.8281825951891335e-05,0.20920460230115054,1.0460230115057527,post-ramp,0.20920460230115054,3.8281825951891335e-05,0.0
0.2,4,1.452559308212642e-05,0.19689844922461228,1.4865206841463419e-05,0.20920460230115054,1.4865206841463419e-05,0.20920460230115054,1.0460230115057527,post-ramp,nan,nan,nan
0.21955088,1,0.08008353969872317,0.18914424236118058,0.06553075671195607,0.22203889320660328,0.08008353969872317,0.18914424236118058,0.86150528005709,during-ramp,nan,nan,nan
0.21955088,2,0.02732950922821953,0.18914424236118058,0.014971943440035496,0.22203889320660328,0.02732950922821953,0.18914424236118058,0.86150528005709,during-ramp,nan,nan,nan
0.21955088,3,3.7352007498547835e-05,0.21792706185092545,3.7251124477499786e-05,0.22203889320660328,3.7352007498547835e-05,0.21792706185092545,0.9926039096309951,during-ramp,0.21792706185092545,3.7352007498547835e-05,0.0
0.21955088,4,1.4504588863317736e-05,0.21792706185092545,1.446459953857726e-05,0.22203889320660328,1.4504588863317736e-05,0.21792706185092545,0.9926039096309951,during-ramp,nan,nan,nan
0.24817149,1,0.07972208879245812,0.20630744097048528,0.061947345283669186,0.25169507798399204,0.07972208879245812,0.20630744097048528,0.8313099984631002,during-ramp,nan,nan,nan
0.24817149,2,0.026988845251810112,0.20630744097048528,0.012026253549181298,0.25169507798399204,0.026988845251810112,0.20630744097048528,0.8313099984631002,during-ramp,nan,nan,nan
0.24817149,3,3.5787772517892336e-05,0.2351904827063532,3.381923540324294e-05,0.25169507798399204,3.5787772517892336e-05,0.2351904827063532,0.9476933982479342,during-ramp,0.2351904827063532,3.5787772517892336e-05,0.0
0.24817149,4,1.3896903136689787e-05,0.2351904827063532,1.313001346847642e-05,0.25169507798399204,1.3896903136689787e-05,0.2351904827063532,0.9476933982479342,during-ramp,nan,nan,nan
0.25,1,0.08022740391282568,0.20635317658829416,0.06225415925299771,0.2517508754377189,0.08022740391282568,0.20635317658829416,0.8254127063531767,during-ramp,nan,nan,nan
0.25,2,0.02742591005235706,0.20635317658829416,0.012271798555068436,0.2517508754377189,0.02742591005235706,0.20635317658829416,0.8254127063531767,during-ramp,nan,nan,nan
0.25,3,3.5695398443280624e-05,0.23524262131065535,3.39258995083469e-05,0.2517508754377189,3.5695398443280624e-05,0.23524262131065535,0.9409704852426214,during-ramp,0.23524262131065535,3.5695398443280624e-05,0.0
0.25,4,1.3861201764164832e-05,0.23524262131065535,1.317156645264106e-05,0.2517508754377189,1.3861201764164832e-05,0.23524262131065535,0.9409704852426214,during-ramp,nan,nan,nan
0.28052308,1,0.08021783395324267,0.22368596614307154,0.05960381746435939,0.28167862403201605,0.08021783395324267,0.22368596614307154,0.7973888142931824,during-ramp,nan,nan,nan
0.28052308,2,0.02739038422462947,0.22368596614307154,0.010133735829152002,0.28167862403201605,0.02739038422462947,0.22368596614307154,0.7973888142931824,during-ramp,nan,nan,nan
0.28052308,3,3.39699588964848e-05,0.2485399623811906,2.9094402167473277e-05,0.28167862403201605,3.39699588964848e-05,0.2485399623811906,0.8859875714368693,during-ramp,0.2485399623811906,3.39699588964848e-05,0.0
0.28052308,4,1.3191724164585139e-05,0.2485399623811906,1.1294767471525802e-05,0.28167862403201605,1.3191724164585139e-05,0.2485399623811906,0.8859875714368693,during-ramp,nan,nan,nan
0.31709202,1,0.07965819540724617,0.2454769530665333,0.05657091962676919,0.3203682268834418,0.07965819540724617,0.2454769530665333,0.7741505228246782,during-ramp,nan,nan,nan
0.31709202,2,0.027113492938384276,0.24131632674337172,0.0077619664319259485,0.3203682268834418,0.027113492938384276,0.24131632674337172,0.761029327522565,during-ramp,nan,nan,nan
0.31709202,3,3.199955621191464e-05,0.2662800846823412,2.1659824297692865e-05,0.3203682268834418,3.199955621191464e-05,0.2662800846823412,0.8397564993352442,during-ramp,0.2662800846823412,3.199955621191464e-05,0.0
0.31709202,4,1.2426798856601806e-05,0.2662800846823412,8.408176698004866e-06,0.3203682268834418,1.2426798856601806e-05,0.2662800846823412,0.8397564993352442,during-ramp,nan,nan,nan
0.35842807,1,0.08001684280244703,0.267603499989995,0.054680991016653024,0.35959220311155576,0.08001684280244703,0.267603499989995,0.7466030771250561,during-ramp,nan,nan,nan
0.35842807,2,0.027176365636486288,0.2634221953026513,0.006328650290878812,0.35959220311155576,0.027176365636486288,0.2634221953026513,0.7349374040449771,during-ramp,nan,nan,nan
0.35842807,3,2.9939412998558623e-05,0.28851002342671334,1.5149586287677153e-05,0.35959220311155576,2.9939412998558623e-05,0.28851002342671334,0.804931442525451,during-ramp,0.2885100234267133,2.99394129994468e-05,8.881784197001252e-16
0.35842807,4,1.1626724199409466e-05,0.28851002342671334,5.881171167843036e-06,0.35959220311155576,1.1626724199409466e-05,0.28851002342671334,0.804931442525451,during-ramp,nan,nan,nan
0.40515269,1,0.08071955350320703,0.29012282921960975,0.05254830925220322,0.40785383238119055,0.08071955350320703,0.29012282921960975,0.7160826927240931,during-ramp,nan,nan,nan
0.40515269,2,0.027952860826870207,0.29012282921960975,0.0047837160226977815,0.40785383238119055,0.027952860826870207,0.29012282921960975,0.7160826927240931,during-ramp,nan,nan,nan
0.40515269,3,2.7818218816477724e-05,0.3069415439569784,8.223267497164954e-06,0.40785383238119055,2.7818218816477724e-05,0.3069415439569784,0.7575947328820115,during-ramp,0.30694154395697837,2.7818218816477724e-05,0.0
0.40515269,4,1.0803539679749008e-05,0.3069415439569784,3.192695670506396e-06,0.40785383238119055,1.0803539679749008e-05,0.3069415439569784,0.7575947328820115,during-ramp,nan,nan,nan
0.45796832,1,0.08066474038993388,0.31733247823911953,0.0508859016843175,0.461189868374187,0.08066474038993388,0.31733247823911953,0.6929136020568399,during-ramp,nan,nan,nan
0.45796832,2,0.02786348378764192,0.31733247823911953,0.0036444559549027034,0.461189868374187,0.02786348378764192,0.31733247823911953,0.6929136020568399,during-ramp,nan,nan,nan
0.45796832,3,2.568117036183537e-05,0.3300257773686843,6.012414100808883e-06,0.689669252706353,2.568117036183537e-05,0.3300257773686843,0.7206301461391136,during-ramp,0.3300257773686843,2.568117036183537e-05,0.0
0.45796832,4,9.973893187797955e-06,0.3300257773686843,2.338921571976016e-06,0.689669252706353,9.973893187797955e-06,0.3300257773686843,0.7206301461391136,during-ramp,nan,nan,nan
0.5,1,0.08112160803220458,0.3401700850425213,0.05001071996033701,0.5017508754377189,0.08112160803220458,0.3401700850425213,0.6803401700850426,during-ramp,nan,nan,nan
0.5,2,0.028221801208487385,0.3401700850425213,0.003074589669149752,0.5017508754377189,0.028221801208487385,0.3401700850425213,0.6803401700850426,during-ramp,nan,nan,nan
0.5,3,2.4148387833378138e-05,0.3486743371685843,6.2813130838890174e-06,0.7143571785892947,2.4148387833378138e-05,0.3486743371685843,0.6973486743371686,during-ramp,0.3486743371685843,2.4148387833378138e-05,0.0
0.5,4,9.378775011725793e-06,0.3486743371685843,2.443568529741924e-06,0.7143571785892947,9.378775011725793e-06,0.3486743371685843,0.6973486743371686,during-ramp,nan,nan,nan
0.51766898,1,0.08118852947775768,0.34939912774387194,0.04961212498436485,0.5198377266433217,0.08118852947775768,0.34939912774387194,0.674947005215325,during-ramp,nan,nan,nan
0.51766898,2,0.028266386084339956,0.34939912774387194,0.0028243057540260352,0.5198377266433217,0.028266386084339956,0.34939912774387194,0.674947005215325,during-ramp,nan,nan,nan
0.51766898,3,2.354870845877599e-05,0.3536600927163582,6.389053277544576e-06,0.7243640453226614,2.354870845877599e-05,0.3536600927163582,0.6831780662545363,during-ramp,0.35366009271635823,2.354870845877599e-05,0.0
0.51766898,4,9.146094778422764e-06,0.3536600927163582,2.485493575399289e-06,0.7243640453226614,9.146094778422764e-06,0.3536600927163582,0.6831780662545363,during-ramp,nan,nan,nan
0.58515221,1,0.08106315436181699,0.386525112006003,0.04839488314742102,0.5883771149424712,0.08106315436181699,0.386525112006003,0.66055481872999,during-ramp,nan,nan,nan
0.58515221,2,0.027922257927368577,0.386525112006003,0.0020987487732968546,0.5883771149424712,0.027922257927368577,0.386525112006003,0.66055481872999,during-ramp,nan,nan,nan
0.58515221,3,2.1442259983572853e-05,0.3822303885392696,6.768443822302572e-06,0.7687555005452726,2.1442259983572853e-05,0.3822303885392696,0.6532153207441012,during-ramp,0.3822303885392696,2.1442259983572853e-05,0.0
0.58515221,4,8.328221126951973e-06,0.3822303885392696,2.633190351986059e-06,0.7687555005452726,8.328221126951973e-06,0.3822303885392696,0.6532153207441012,during-ramp,nan,nan,nan
0.66143254,1,0.08157905408677024,0.4246225057128564,0.04751529255936049,0.6629310548374188,0.08157905408677024,0.4246225057128564,0.6419740185640949,during-ramp,nan,nan,nan
0.66143254,2,0.02833632786507767,0.4246225057128564,0.0016182561042183963,0.6629310548374188,0.02833632786507767,0.4246225057128564,0.6419740185640949,during-ramp,nan,nan,nan
0.66143254,3,1.938687654146065e-05,0.40729097486743376,7.11899159711038e-06,0.8232477151575789,1.938687654146065e-05,0.40729097486743376,0.6157709973982136,during-ramp,0.40729097486743376,1.938687654146065e-05,0.0
0.66143254,4,7.5303707793850094e-06,0.40729097486743376,2.7697127977788227e-06,0.8232477151575789,7.5303707793850094e-06,0.40729097486743376,0.6157709973982136,during-ramp,nan,nan,nan
0.74765676,1,0.08187596008844356,0.4682337535367683,0.046718579911786406,0.7482988023811905,0.08187596008844356,0.4682337535367683,0.6262683340638401,during-ramp,nan,nan,nan
0.74765676,2,0.028560145459921138,0.4682337535367683,0.0012219456277202667,0.7482988023811905,0.028560145459921138,0.4682337535367683,0.6262683340638401,during-ramp,nan,nan,nan
0.74765676,3,1.7391785706699636e-05,0.43760163881940967,7.402751516671913e-06,0.8839553104152075,1.7391785706699636e-05,0.43760163881940967,0.5852975084708786,during-ramp,0.4376016388194097,1.7391785706699636e-05,0.0
0.74765676,4,6.755758099608045e-06,0.43760163881940967,2.8802370479752426e-06,0.8839553104152075,6.755758099608045e-06,0.43760163881940967,0.5852975084708786,during-ramp,nan,nan,nan
0.84512116,1,0.08206918429048926,0.5176984370785392,0.04602812077266716,0.845131636598299,0.08206918429048926,0.5176984370785392,0.6125730387327413,during-ramp,nan,nan,nan
0.84512116,2,0.028694628820350232,0.5176984370785392,0.0009129904064524297,0.845131636598299,0.028694628820350232,0.5176984370785392,0.6125730387327413,during-ramp,nan,nan,nan
0.84512116,3,1.54772133589276e-05,0.4734507074137068,7.572408240008599e-06,0.95575096076038,1.54772133589276e-05,0.4734507074137068,0.5602163687555839,during-ramp,0.4734507074137068,1.54772133589276e-05,0.0
0.84512116,4,6.012307289360308e-06,0.4734507074137068,2.9463788351336007e-06,0.95575096076038,6.012307289360308e-06,0.4734507074137068,0.5602163687555839,during-ramp,nan,nan,nan
0.95529099,1,0.08224380355677319,0.573425336028014,0.045338214884881545,0.958695483671836,0.08224380355677319,0.573425336028014,0.6002624771202062,during-ramp,nan,nan,nan
0.95529099,2,0.02881460455828222,0.573425336028014,0.0006391006936263821,0.958695483671836,0.02881460455828222,0.573425336028014,0.6002624771202062,during-ramp,nan,nan,nan
0.95529099,3,1.3652810593178799e-05,0.51070693989995,7.5851282641536955e-06,1.0393334215507755,1.3652810593178799e-05,0.51070693989995,0.5346087686851836,during-ramp,0.51070693989995,1.3652810593178799e-05,0.0
0.95529099,4,5.303919652810407e-06,0.5062270544622312,2.9514472128511215e-06,1.0393334215507755,5.303919652810407e-06,0.5062270544622312,0.5299192180826819,during-ramp,nan,nan,nan
1.0,1,0.08212521042585319,0.5942971485742872,0.04512876626141882,1.0040020010005002,0.08212521042585319,0.5942971485742872,0.5942971485742872,during-ramp,nan,nan,nan
1.0,2,0.0288328903747761,0.5942971485742872,0.0005639466394367076,1.0040020010005002,0.0288328903747761,0.5942971485742872,0.5942971485742872,during-ramp,nan,nan,nan
1.0,3,1.3001436958148815e-05,0.5222611305652827,7.542793907688861e-06,1.071535767883942,1.3001436958148815e-05,0.5222611305652827,0.5222611305652827,during-ramp,0.5222611305652827,1.3001436958148815e-05,0.0
1.0,4,5.050960211860911e-06,0.5222611305652827,2.934995744219293e-06,1.071535767883942,5.050960211860911e-06,0.5222611305652827,0.5222611305652827,during-ramp,nan,nan,nan
1.07982255,1,0.08245777217809724,0.6359055312656328,0.044879721000094186,1.0810394031515758,0.08245777217809724,0.6359055312656328,0.5888981770806997,during-ramp,nan,nan,nan
1.07982255,2,0.02897123512890154,0.6359055312656328,0.0004806803561461237,1.0810394031515758,0.02897123512890154,0.6359055312656328,0.5888981770806997,during-ramp,nan,nan,nan
1.07982255,3,1.1938735323013816e-05,0.5496040663081541,7.409847243344814e-06,1.1355455915457728,1.1938735323013816e-05,0.5496040663081541,0.5089762816197476,during-ramp,0.5496040663081541,1.1938735323013816e-05,0.0
1.07982255,4,4.6382493250618495e-06,0.5496040663081541,2.883332497205515e-06,1.1355455915457728,4.6382493250618495e-06,0.5496040663081541,0.5089762816197476,during-ramp,nan,nan,nan
1.22058801,1,0.08253716673836387,0.7057278466883442,0.044435659296114594,1.2223390808654329,0.08253716673836387,0.7057278466883442,0.5781867762967328,during-ramp,nan,nan,nan
1.22058801,2,0.029124553633680605,0.7057278466883442,0.00034462278259539403,1.2223390808654329,0.029124553633680605,0.7057278466883442,0.5781867762967328,during-ramp,nan,nan,nan
1.22058801,3,1.0345815659285051e-05,0.5904128390595298,7.0386323365312364e-06,1.2500146826963483,1.0345815659285051e-05,0.5904128390595298,0.4837118128495542,during-ramp,0.5904128390595298,1.0345815659285051e-05,0.0
1.22058801,4,4.019639421315446e-06,0.5904128390595298,2.738957643799722e-06,1.2500146826963483,4.019639421315446e-06,0.5904128390595298,0.4837118128495542,during-ramp,nan,nan,nan
1.37970364,1,0.0825239069485404,0.7882892503851926,0.04403272826938753,1.3841983860930467,0.0825239069485404,0.7882892503851926,0.5713467932759767,during-ramp,nan,nan,nan
1.37970364,2,0.029006867237169942,0.7835970524662331,0.00023745909461947434,1.3841983860930467,0.029006867237169942,0.7835970524662331,0.5679459195064769,during-ramp,nan,nan,nan
1.37970364,3,8.881317315356796e-06,0.6334467190595298,6.49269590979884e-06,1.3841983860930467,8.881317315356796e-06,0.6334467190595298,0.4591179588824813,during-ramp,0.6334467190595298,8.881317315356796e-06,0.0
1.37970364,4,3.4508587258841317e-06,0.6334467190595298,2.5265565914978083e-06,1.3841983860930467,3.4508587258841317e-06,0.6334467190595298,0.4591179588824813,during-ramp,nan,nan,nan
1.55956155,1,0.08280241932153931,0.875137450550275,0.043729789658538465,1.563770198524262,0.08280241932153931,0.875137450550275,0.5611432588539228,during-ramp,nan,nan,nan
1.55956155,2,0.029288891990221444,0.875137450550275,0.00016856013761135102,1.563770198524262,0.029288891990221444,0.875137450550275,0.5611432588539228,during-ramp,nan,nan,nan
1.55956155,3,7.554677105225949e-06,0.6838505761130564,5.700723458623713e-06,1.563770198524262,7.554677105225949e-06,0.6838505761130564,0.43848899462355717,during-ramp,0.6838505761130564,7.554677105225949e-06,0.0
1.55956155,4,2.935561524530783e-06,0.6838505761130564,2.2184137433711726e-06,1.563770198524262,2.935561524530783e-06,0.6838505761130564,0.43848899462355717,during-ramp,nan,nan,nan
1.7628657,1,0.08293153449007207,0.9767749574787394,0.04350338242714091,1.7630787982491245,0.08293153449007207,0.9767749574787394,0.5540835909841229,during-ramp,nan,nan,nan
1.7628657,2,0.029373607795843526,0.9767749574787394,0.00012404947302080416,1.7630787982491245,0.029373607795843526,0.9767749574787394,0.5540835909841229,during-ramp,nan,nan,nan
1.7628657,3,6.367270658280688e-06,0.7374650928964482,4.783319899281935e-06,1.7630787982491245,6.367270658280688e-06,0.7374650928964482,0.4183331111930127,during-ramp,0.7374650928964482,6.367270658280688e-06,0.0
1.7628657,4,2.4743129261040053e-06,0.7374650928964482,1.861380981793559e-06,1.7630787982491245,2.4743129261040053e-06,0.7374650928964482,0.4183331111930127,during-ramp,nan,nan,nan
1.99267254,1,0.08297905726891575,1.0947450156378191,0.04326914672458937,1.994535439449725,0.08297905726891575,1.0947450156378191,0.5493853072506429,during-ramp,nan,nan,nan
1.99267254,2,0.02931965866337105,1.0947450156378191,8.379933616353696e-05,1.994535439449725,0.02931965866337105,1.0947450156378191,0.5493853072506429,during-ramp,nan,nan,nan
1.99267254,3,5.3193501861059644e-06,0.7998137100550275,3.802597117186224e-06,1.994535439449725,5.3193501861059644e-06,0.7998137100550275,0.4013773934251272,during-ramp,0.7998137100550275,5.3193501861059644e-06,0.0
1.99267254,4,2.0672097100771225e-06,0.7998137100550275,1.4796862917165754e-06,1.994535439449725,2.0672097100771225e-06,0.7998137100550275,0.4013773934251272,during-ramp,nan,nan,nan
2.0,1,0.08307309304347221,1.0955477738869435,0.0432686908581692,2.001000500250125,0.08307309304347221,1.0955477738869435,0.5477738869434717,during-ramp,nan,nan,nan
2.0,2,0.02947211314484033,1.0955477738869435,8.377814349813661e-05,2.001000500250125,0.02947211314484033,1.0955477738869435,0.5477738869434717,during-ramp,nan,nan,nan
2.0,3,5.29005136495897e-06,0.80040020010005,3.7830550496664728e-06,2.001000500250125,5.29005136495897e-06,0.80040020010005,0.400200100050025,during-ramp,0.80040020010005,5.29005136495897e-06,0.0
2.0,4,2.0558287339156323e-06,0.80040020010005,1.472080074726989e-06,2.001000500250125,2.0558287339156323e-06,0.80040020010005,0.400200100050025,during-ramp,nan,nan,nan
2.25243696,1,0.08307573872582008,1.220650323401701,0.04307292118229267,2.256664463431716,0.08307573872582008,1.220650323401701,0.5419243002484301,during-ramp,nan,nan,nan
2.25243696,2,0.02945587343722611,1.220650323401701,5.547259265004101e-05,2.256664463431716,0.02945587343722611,1.220650323401701,0.5419243002484301,during-ramp,nan,nan,nan
2.25243696,3,4.405521682571134e-06,0.8667643052726364,2.899417553159367e-06,2.256664463431716,4.405521682571134e-06,0.8667643052726364,0.38481179303354907,during-ramp,0.8667643052726364,4.405521682571134e-06,0.0
2.25243696,4,1.7121746251902437e-06,0.8616355224012007,1.1281751337577361e-06,2.256664463431716,1.7121746251902437e-06,0.8616355224012007,0.3825348001753624,during-ramp,nan,nan,nan
2.54606422,1,0.08315832268534962,1.3716741856928463,0.042931545946525596,2.548148583421711,0.08315832268534962,1.3716741856928463,0.5387429645010472,during-ramp,nan,nan,nan
2.54606422,2,0.02945447825203118,1.3663985157478737,3.843279122150989e-05,2.548148583421711,0.02945447825203118,1.3663985157478737,0.5366708761760431,during-ramp,nan,nan,nan
2.54606422,3,3.619444175484432e-06,0.93379358026013,2.1711451161365858e-06,2.548148583421711,3.619444175484432e-06,0.93379358026013,0.3667596335257129,during-ramp,0.93379358026013,3.619444175484432e-06,0.0
2.54606422,4,1.4067517009053176e-06,0.93379358026013,8.447504180608689e-07,2.548148583421711,1.4067517009053176e-06,0.93379358026013,0.3667596335257129,during-ramp,nan,nan,nan
2.87796867,1,0.08333107804771078,1.5345608629014509,0.04281055100928466,2.8786620442371187,0.08333107804771078,1.5345608629014509,0.5332097179853771,during-ramp,nan,nan,nan
2.87796867,2,0.02964643745477602,1.5345608629014509,2.6083711634150575e-05,2.8786620442371187,0.02964643745477602,1.5345608629014509,0.5332097179853771,during-ramp,nan,nan,nan
2.87796867,3,2.9510965884327334e-06,1.0121571648924463,1.5796750671981385e-06,2.8786620442371187,2.9510965884327334e-06,1.0121571648924463,0.3516915161180147,during-ramp,1.0121571648924463,2.9510965884327334e-06,0.0
2.87796867,4,1.1470492307097402e-06,1.0121571648924463,6.145825990344633e-07,2.8786620442371187,1.1470492307097402e-06,1.0121571648924463,0.3516915161180147,during-ramp,nan,nan,nan
3.25314012,1,0.08341593655254886,1.7225917342271135,0.0427067818500273,3.2537843868734364,0.08341593655254886,1.7225917342271135,0.5295166118535077,during-ramp,nan,nan,nan
3.25314012,2,0.029692131151739964,1.7225917342271135,1.7232116434229283e-05,3.2537843868734364,0.029692131151739964,1.7225917342271135,0.5295166118535077,during-ramp,nan,nan,nan
3.25314012,3,2.3895146137320467e-06,1.1033594114657328,1.1173117631102514e-06,3.2537843868734364,2.3895146137320467e-06,1.1033594114657328,0.33916750301727944,during-ramp,1.1033594114657328,2.3895146137320467e-06,0.0
3.25314012,4,9.288162203802131e-07,1.1033594114657328,4.3467067989411134e-07,3.2537843868734364,9.288162203802131e-07,1.1033594114657328,0.33916750301727944,during-ramp,nan,nan,nan
3.67721886,1,0.08340407421655449,1.9335464945772887,0.04261723363179826,3.6801640229114554,0.08340407421655449,1.9335464945772887,0.5258176269054838,during-ramp,nan,nan,nan
3.67721886,2,0.029689509862016017,1.9335464945772887,1.0958351030154745e-05,3.6801640229114554,0.029689509862016017,1.9335464945772887,0.5258176269054838,during-ramp,nan,nan,nan
3.67721886,3,1.922698469769557e-06,1.1975136899949974,7.666343631029804e-07,3.6801640229114554,1.922698469769557e-06,1.1975136899949974,0.32565744264539026,during-ramp,1.1975136899949974,1.922698469769557e-06,0.0
3.67721886,4,7.473980279115722e-07,1.1975136899949974,2.9822850056149264e-07,3.6801640229114554,7.473980279115722e-07,1.1975136899949974,0.32565744264539026,during-ramp,nan,nan,nan
4.0,1,0.0834391376202559,2.095047523761881,0.04256729472516518,4.0040020010005,0.0834391376202559,2.095047523761881,0.5237618809404703,during-ramp,nan,nan,nan
4.0,2,0.029714586558555744,2.095047523761881,8.043698095150376e-06,4.0040020010005,0.029714586558555744,2.095047523761881,0.5237618809404703,during-ramp,nan,nan,nan
4.0,3,1.6507170572666041e-06,1.2726363181590796,5.867978831730625e-07,4.0040020010005,1.6507170572666041e-06,1.2726363181590796,0.3181590795397699,during-ramp,1.2726363181590796,1.6507170572666041e-06,0.0
4.0,4,6.416918312268649e-07,1.2726363181590796,2.2826203860404348e-07,4.0040020010005,6.416918312268649e-07,1.2726363181590796,0.3181590795397699,during-ramp,nan,nan,nan
4.15658042,1,0.08338924285072657,2.1771164534067036,0.04254924303992791,4.1596303187994,0.08338924285072657,2.1771164534067036,0.523775852604989,during-ramp,nan,nan,nan
4.15658042,2,0.029635029883153585,2.1771164534067036,7.0992744323206125e-06,4.1596303187994,0.029635029883153585,2.1771164534067036,0.523775852604989,during-ramp,nan,nan,nan
4.15658042,3,1.5384913494287389e-06,1.3074861382191096,5.21317573110025e-07,4.1596303187994,1.5384913494287389e-06,1.3074861382191096,0.31455812377115266,during-ramp,1.3074861382191096,1.5384913494287389e-06,0.0
4.15658042,4,5.980737558530791e-07,1.3074861382191096,2.027874277388264e-07,4.1596303187994,5.980737558530791e-07,1.3074861382191096,0.31455812377115266,during-ramp,nan,nan,nan
4.69843146,1,0.08351978557450224,2.4456708914957477,0.04249537508121648,4.700770025212607,0.08351978557450224,2.4456708914957477,0.5205292260442483,during-ramp,nan,nan,nan
4.69843146,2,0.029746381299926128,2.4456708914957477,4.609346023976002e-06,4.700770025212607,0.029746381299926128,2.4456708914957477,0.5205292260442483,during-ramp,nan,nan,nan
4.69843146,3,1.2251451897427046e-06,1.4292881833416708,3.5036299017576766e-07,4.700770025212607,1.2251451897427046e-06,1.4292881833416708,0.3042053918440413,during-ramp,1.4292881833416708,1.2251451897427046e-06,0.0
4.69843146,4,4.762826328885694e-07,1.4292881833416708,1.3628168904489257e-07,4.700770025212607,4.762826328885694e-07,1.4292881833416708,0.3042053918440413,during-ramp,nan,nan,nan
5.31091811,1,0.08349582400469835,2.7500796295297647,0.04245059230364312,5.313713182481241,0.08349582400469835,2.7500796295297647,0.5178162367729983,during-ramp,nan,nan,nan
5.31091811,2,0.029750502625391917,2.7500796295297647,2.9303558850557465e-06,5.313713182481241,0.029750502625391917,2.7500796295297647,0.5178162367729983,during-ramp,nan,nan,nan
5.31091811,3,9.71659232185118e-07,1.564815285567784,2.3112339953001992e-07,5.313713182481241,9.71659232185118e-07,1.564815285567784,0.2946412001008586,during-ramp,1.564815285567784,9.71659232185118e-07,0.0
5.31091811,4,3.7775236627624054e-07,1.564815285567784,8.989723365715463e-08,5.313713182481241,3.7775236627624054e-07,1.564815285567784,0.2946412001008586,during-ramp,nan,nan,nan
6.0032484,1,0.08351967278313221,3.0962660294147075,0.042417308086265315,6.003393636218109,0.08351967278313221,3.0962660294147075,0.5157651030090155,during-ramp,nan,nan,nan
6.0032484,2,0.029767088179518453,3.0962660294147075,1.9223736833495764e-06,6.003393636218109,0.029767088179518453,3.0962660294147075,0.5157651030090155,during-ramp,nan,nan,nan
6.0032484,3,7.680304205948119e-07,1.7162560570285141,1.5292841659686474e-07,6.003393636218109,7.680304205948119e-07,1.7162560570285141,0.28588789646427326,during-ramp,1.7162560570285141,7.680304205948119e-07,0.0
6.0032484,4,2.985975200431312e-07,1.7162560570285141,5.9480779412979246e-08,6.003393636218109,2.985975200431312e-07,1.7162560570285141,0.28588789646427326,during-ramp,nan,nan,nan
6.78583073,1,0.08352088394264623,3.4912016531065535,0.04238585321535915,6.790091350745373,0.08352088394264623,3.4912016531065535,0.5144840465400989,during-ramp,nan,nan,nan
6.78583073,2,0.02974406936573981,3.4912016531065535,1.1562399953035651e-06,6.790091350745373,0.02974406936573981,3.4912016531065535,0.5144840465400989,during-ramp,nan,nan,nan
6.78583073,3,6.054236365571342e-07,1.8861364863181591,9.70180877857274e-08,6.790091350745373,6.054236365571342e-07,1.8861364863181591,0.2779521861604348,during-ramp,1.8861364863181591,6.054236365571342e-07,0.0
6.78583073,4,2.3538581483961707e-07,1.8861364863181591,3.773364909420707e-08,6.790091350745373,2.3538581483961707e-07,1.8861364863181591,0.2779521861604348,during-ramp,nan,nan,nan
7.67043035,1,0.08349523545850168,3.9352456406703356,0.042363534063789565,7.674512912781392,0.08349523545850168,3.9352456406703356,0.513041049994064,during-ramp,nan,nan,nan
7.67043035,2,0.02973805363052673,3.9274065059279644,7.289494110551686e-07,7.674512912781392,0.02973805363052673,3.9274065059279644,0.5120190558705698,during-ramp,nan,nan,nan
7.67043035,3,4.762268392966007e-07,2.0852098414707356,6.228374616057408e-08,7.674512912781392,4.762268392966007e-07,2.0852098414707356,0.27185043684944427,during-ramp,2.0852098414707356,4.762268392966007e-07,0.0
7.67043035,4,1.851597266622207e-07,2.0852098414707356,2.4223727024264008e-08,7.674512912781392,1.851597266622207e-07,2.0852098414707356,0.27185043684944427,during-ramp,nan,nan,nan
8.0,1,0.08354775402495385,4.098049024512256,0.042356978267689804,8.004002001000499,0.08354775402495385,4.098049024512256,0.512256128064032,during-ramp,nan,nan,nan
8.0,2,0.029766956154333002,4.098049024512256,6.217254497897784e-07,8.004002001000499,0.029766956154333002,4.098049024512256,0.512256128064032,during-ramp,nan,nan,nan
8.0,3,4.383806659902234e-07,2.1530765382691346,5.340552444721425e-08,8.004002001000499,4.383806659902234e-07,2.1530765382691346,0.2691345672836418,during-ramp,2.1530765382691346,4.383806659902234e-07,0.0
8.0,4,1.7044640365782016e-07,2.1530765382691346,2.0770622555232876e-08,8.004002001000499,1.7044640365782016e-07,2.1530765382691346,0.2691345672836418,during-ramp,nan,nan,nan
8.67034621,1,0.08353039864626766,4.42819101426213,0.04234629317936989,8.67291648744372,0.08353039864626766,4.42819101426213,0.5107282808562877,during-ramp,nan,nan,nan
8.67034621,2,0.029768035933554593,4.42819101426213,4.650831346708628e-07,8.67291648744372,0.029768035933554593,4.42819101426213,0.5107282808562877,during-ramp,nan,nan,nan
8.67034621,3,3.739882297182362e-07,2.3016586062831412,3.996047226451083e-08,8.67291648744372,3.739882297182362e-07,2.3016586062831412,0.26546328722473717,during-ramp,2.3016586062831412,3.739882297182362e-07,0.0
8.67034621,4,1.4541230708431385e-07,2.3016586062831412,1.5541356646053828e-08,8.67291648744372,1.4541230708431385e-07,2.3016586062831412,0.26546328722473717,during-ramp,nan,nan,nan
9.80061092,1,0.08358770366981094,4.995569147633817,0.042331708758412745,9.804138380650324,0.08358770366981094,4.995569147633817,0.5097201785084043,during-ramp,nan,nan,nan
9.80061092,2,0.02981575583010443,4.995569147633817,2.871065296616848e-07,9.804138380650324,0.02981575583010443,4.995569147633817,0.5097201785084043,during-ramp,nan,nan,nan
9.80061092,3,2.9333536843978436e-07,2.555665499769885,2.517174113592091e-08,9.804138380650324,2.9333536843978436e-07,2.555665499769885,0.26076593802479864,during-ramp,2.555665499769885,2.9333536843978436e-07,0.0
9.80061092,4,1.1405571331835063e-07,2.555665499769885,9.789598465204108e-09,9.804138380650324,1.1405571331835063e-07,2.555665499769885,0.26076593802479864,during-ramp,nan,nan,nan
11.07821672,1,0.08353529677294702,5.630889377088545,0.04232078012433149,11.080445028474239,0.08353529677294702,5.630889377088545,0.508284818703975,during-ramp,nan,nan,nan
11.07821672,2,0.029768813638403557,5.630889377088545,1.815449364173105e-07,11.080445028474239,0.029768813638403557,5.630889377088545,0.508284818703975,during-ramp,nan,nan,nan
11.07821672,3,2.2986945502623257e-07,2.8345324491445725,1.5952882570502425e-08,11.080445028474239,2.2986945502623257e-07,2.8345324491445725,0.2558654087374247,during-ramp,2.8345324491445725,2.2986945502623257e-07,0.0
11.07821672,4,8.938039197659009e-08,2.8345324491445725,6.204197156023383e-09,11.080445028474239,8.938039197659009e-08,2.8345324491445725,0.2558654087374247,during-ramp,nan,nan,nan
12.52237097,1,0.08357596948680435,6.354851240835418,0.04231175843475388,12.524908746073038,0.08357596948680435,6.354851240835418,0.5074798739040565,during-ramp,nan,nan,nan
12.52237097,2,0.029802717114336907,6.354851240835418,1.1233290386769568e-07,12.524908746073038,0.029802717114336907,6.354851240835418,0.5074798739040565,during-ramp,nan,nan,nan
12.52237097,3,1.8001600654571348e-07,3.151759823806904,9.985342330764979e-09,12.524908746073038,1.8001600654571348e-07,3.151759823806904,0.25169034133852236,during-ramp,3.151759823806904,1.8001600654571348e-07,0.0
12.52237097,4,6.999701884780052e-08,3.151759823806904,3.8833354309986134e-09,12.524908746073038,6.999701884780052e-08,3.151759823806904,0.25169034133852236,during-ramp,nan,nan,nan
14.1547849,1,0.08357788810621614,7.170658244272136,0.04230370032169972,14.163989545872937,0.08357788810621614,7.170658244272136,0.5065889941056001,during-ramp,nan,nan,nan
14.1547849,2,0.029803276799674983,7.170658244272136,6.432065546846388e-08,14.163989545872937,0.029803276799674983,7.170658244272136,0.5065889941056001,during-ramp,nan,nan,nan
14.1547849,3,1.4090955957613005e-07,3.513290051675838,6.026931842484373e-09,14.163989545872937,1.4090955957613005e-07,3.513290051675838,0.24820511766843154,during-ramp,3.513290051675838,1.4090955957613005e-07,0.0
14.1547849,4,5.4791787995611685e-08,3.513290051675838,2.3438753160576198e-09,14.163989545872937,5.4791787995611685e-08,3.513290051675838,0.24820511766843154,during-ramp,nan,nan,nan
16.0,1,0.08357025551333308,8.092046023011505,0.042298954810982003,16.0040020010005,0.08357025551333308,8.092046023011505,0.5057528764382191,during-ramp,nan,nan,nan
16.0,2,0.029795736340030743,8.092046023011505,4.2325291715883395e-08,16.0040020010005,0.029795736340030743,8.092046023011505,0.5057528764382191,during-ramp,nan,nan,nan
16.0,3,1.1026310531292438e-07,3.9259629814907453,3.854593977337117e-09,16.0040020010005,1.1026310531292438e-07,3.9259629814907453,0.24537268634317158,during-ramp,3.9259629814907453,1.1026310531292438e-07,0.0
16.0,4,4.287568433625211e-08,3.9259629814907453,1.4990444441309592e-09,16.0040020010005,4.287568433625211e-08,3.9259629814907453,0.24537268634317158,during-ramp,nan,nan,nan
