t,phase,Kdelta,families,m_4,m_5,m_6,m_7,m_8
0.0,control,2,"[[4, 5]]",1.0,1.0,0.0,0.0,0.0
0.03389830508474576,control,2,"[[4, 5]]",1.0,1.0,0.0,0.0,0.0
0.06779661016949153,control,2,"[[4, 5]]",1.0,1.0,0.0,0.0,0.0
0.1016949152542373,control,2,"[[4, 5]]",1.0,1.0,0.0,0.0,0.0
0.13559322033898305,control,2,"[[4, 5]]",1.0,1.0,0.0,0.0,0.0
0.1694915254237288,control,2,"[[4, 5]]",1.0,1.0,0.0,0.0,0.0
0.2033898305084746,control,2,"[[4, 5]]",1.0,1.0,0.0,0.0,0.0
0.23728813559322035,control,2,"[[4, 5]]",1.0,1.0,0.0,0.0,0.0
0.2711864406779661,control,2,"[[4, 5]]",1.0,1.0,0.0,0.0,0.0
0.3050847457627119,control,2,"[[4, 5]]",1.0,1.0,0.0,0.0,0.0
0.3389830508474576,control,2,"[[4, 5]]",1.0,1.0,0.0,0.0,0.0
0.3728813559322034,control,2,"[[4, 5]]",1.0,1.0,0.0,0.0,0.0
0.4067796610169492,control,2,"[[4, 5]]",1.0,1.0,0.0,0.0,0.0
0.4406779661016949,control,2,"[[4, 5]]",1.0,1.0,0.0,0.0,0.0
0.4745762711864407,control,2,"[[4, 5]]",1.0,1.0,0.0,0.0,0.0
0.5084745762711864,control,2,"[[4, 5]]",1.0,1.0,0.0,0.0,0.0
0.5423728813559322,control,2,"[[4, 5]]",1.0,1.0,0.0,0.0,0.0
0.576271186440678,control,2,"[[4, 5]]",1.0,1.0,0.0,0.0,0.0
0.6101694915254238,control,2,"[[4, 5]]",1.0,1.0,0.0,0.0,0.0
0.6440677966101694,control,2,"[[4, 5]]",1.0,1.0,0.0,0.0,0.0
0.6779661016949152,control,2,"[[4, 5]]",1.0,1.0,0.0,0.0,0.0
0.711864406779661,control,2,"[[4, 5]]",1.0,1.0,0.0,0.0,0.0
0.7457627118644068,control,2,"[[4, 5]]",1.0,1.0,0.0,0.0,0.0
0.7796610169491526,control,2,"[[4, 5]]",1.0,1.0,0.0,0.0,0.0
0.8135593220338984,control,2,"[[4, 5]]",1.0,1.0,0.0,0.0,0.0
0.847457627118644,control,3,"[[4, 5, 6]]",1.0,1.0,1.0,0.0,0.0
0.8813559322033898,control,3,"[[4, 5, 6]]",1.0,1.0,1.0,0.0,0.0
0.9152542372881356,control,3,"[[4, 5, 6]]",1.0,1.0,1.0,0.0,0.0
0.9491525423728814,control,3,"[[4, 5, 6]]",1.0,1.0,1.0,0.0,0.0
0.9830508474576272,control,3,"[[4, 5, 6]]",1.0,1.0,1.0,0.0,0.0
1.0169491525423728,control,3,"[[4, 5, 6]]",1.0,1.0,1.0,0.0,0.0
1.0508474576271187,control,3,"[[4, 5, 6]]",1.0,1.0,1.0,0.0,0.0
1.0847457627118644,control,3,"[[4, 5, 6]]",1.0,1.0,1.0,0.0,0.0
1.11864406779661,control,3,"[[4, 5, 6]]",1.0,1.0,1.0,0.0,0.0
1.152542372881356,control,3,"[[4, 5, 6]]",1.0,1.0,1.0,0.0,0.0
1.1864406779661016,control,3,"[[4, 5, 6]]",1.0,1.0,1.0,0.0,0.0
1.2203389830508475,control,3,"[[4, 5, 6]]",1.0,1.0,1.0,0.0,0.0
1.2542372881355932,control,3,"[[4, 5, 6]]",1.0,1.0,1.0,0.0,0.0
1.2881355932203389,control,3,"[[4, 5, 6]]",1.0,1.0,1.0,0.0,0.0
1.3220338983050848,control,3,"[[4, 5, 6]]",1.0,1.0,1.0,0.0,0.0
1.3559322033898304,control,3,"[[4, 5, 6]]",1.0,1.0,1.0,0.0,0.0
1.3898305084745763,control,3,"[[4, 5, 6]]",1.0,1.0,1.0,0.0,0.0
1.423728813559322,control,3,"[[4, 5, 6]]",1.0,1.0,1.0,0.0,0.0
1.4576271186440677,control,3,"[[4, 5, 6]]",1.0,1.0,1.0,0.0,0.0
1.4915254237288136,control,3,"[[4, 5, 6], [5, 6, 7]]",0.5,1.0,1.0,0.5,0.0
1.5254237288135593,control,2,"[[5, 6]]",0.0,1.0,1.0,0.0,0.0
1.5593220338983051,control,2,"[[5, 6]]",0.0,1.0,1.0,0.0,0.0
1.5932203389830508,control,2,"[[5, 6]]",0.0,1.0,1.0,0.0,0.0
1.6271186440677967,control,2,"[[5, 6]]",0.0,1.0,1.0,0.0,0.0
1.6610169491525424,control,2,"[[5, 6]]",0.0,1.0,1.0,0.0,0.0
1.694915254237288,control,2,"[[5, 6]]",0.0,1.0,1.0,0.0,0.0
1.728813559322034,control,2,"[[5, 6]]",0.0,1.0,1.0,0.0,0.0
1.7627118644067796,control,2,"[[5, 6]]",0.0,1.0,1.0,0.0,0.0
1.7966101694915255,control,2,"[[5, 6]]",0.0,1.0,1.0,0.0,0.0
1.8305084745762712,control,2,"[[5, 6]]",0.0,1.0,1.0,0.0,0.0
1.8644067796610169,control,2,"[[5, 6]]",0.0,1.0,1.0,0.0,0.0
1.8983050847457628,control,2,"[[5, 6]]",0.0,1.0,1.0,0.0,0.0
1.9322033898305084,control,2,"[[5, 6]]",0.0,1.0,1.0,0.0,0.0
1.9661016949152543,control,2,"[[5, 6]]",0.0,1.0,1.0,0.0,0.0
2.0,control,2,"[[5, 6]]",0.0,1.0,1.0,0.0,0.0
2.0,release,2,"[[5, 6]]",0.0,1.0,1.0,0.0,0.0
2.0677966101694913,release,2,"[[5, 6]]",0.0,1.0,1.0,0.0,0.0
2.135593220338983,release,2,"[[5, 6]]",0.0,1.0,1.0,0.0,0.0
2.2033898305084745,release,2,"[[5, 6]]",0.0,1.0,1.0,0.0,0.0
2.2711864406779663,release,2,"[[5, 6]]",0.0,1.0,1.0,0.0,0.0
2.3389830508474576,release,2,"[[5, 6]]",0.0,1.0,1.0,0.0,0.0
2.406779661016949,release,2,"[[5, 6]]",0.0,1.0,1.0,0.0,0.0
2.4745762711864407,release,2,"[[5, 6]]",0.0,1.0,1.0,0.0,0.0
2.542372881355932,release,2,"[[5, 6]]",0.0,1.0,1.0,0.0,0.0
2.610169491525424,release,2,"[[5, 6]]",0.0,1.0,1.0,0.0,0.0
2.6779661016949152,release,2,"[[5, 6]]",0.0,1.0,1.0,0.0,0.0
2.7457627118644066,release,2,"[[5, 6]]",0.0,1.0,1.0,0.0,0.0
2.8135593220338984,release,2,"[[5, 6]]",0.0,1.0,1.0,0.0,0.0
2.8813559322033897,release,2,"[[5, 6]]",0.0,1.0,1.0,0.0,0.0
2.9491525423728815,release,2,"[[5, 6]]",0.0,1.0,1.0,0.0,0.0
3.016949152542373,release,2,"[[5, 6]]",0.0,1.0,1.0,0.0,0.0
3.084745762711864,release,2,"[[5, 6]]",0.0,1.0,1.0,0.0,0.0
3.152542372881356,release,2,"[[5, 6]]",0.0,1.0,1.0,0.0,0.0
3.2203389830508478,release,2,"[[5, 6]]",0.0,1.0,1.0,0.0,0.0
3.288135593220339,release,2,"[[5, 6]]",0.0,1.0,1.0,0.0,0.0
3.3559322033898304,release,2,"[[5, 6]]",0.0,1.0,1.0,0.0,0.0
3.423728813559322,release,2,"[[5, 6]]",0.0,1.0,1.0,0.0,0.0
3.4915254237288136,release,2,"[[5, 6]]",0.0,1.0,1.0,0.0,0.0
3.5593220338983054,release,2,"[[5, 6]]",0.0,1.0,1.0,0.0,0.0
3.6271186440677967,release,2,"[[5, 6]]",0.0,1.0,1.0,0.0,0.0
3.694915254237288,release,2,"[[5, 6]]",0.0,1.0,1.0,0.0,0.0
3.7627118644067794,release,2,"[[5, 6]]",0.0,1.0,1.0,0.0,0.0
3.830508474576271,release,2,"[[5, 6]]",0.0,1.0,1.0,0.0,0.0
3.898305084745763,release,2,"[[5, 6]]",0.0,1.0,1.0,0.0,0.0
3.9661016949152543,release,2,"[[5, 6]]",0.0,1.0,1.0,0.0,0.0
4.033898305084746,release,2,"[[5, 6]]",0.0,1.0,1.0,0.0,0.0
4.101694915254237,release,2,"[[5, 6]]",0.0,1.0,1.0,0.0,0.0
4.169491525423728,release,2,"[[5, 6]]",0.0,1.0,1.0,0.0,0.0
4.23728813559322,release,2,"[[5, 6]]",0.0,1.0,1.0,0.0,0.0
4.305084745762712,release,2,"[[5, 6]]",0.0,1.0,1.0,0.0,0.0
4.372881355932203,release,2,"[[5, 6]]",0.0,1.0,1.0,0.0,0.0
4.4406779661016955,release,2,"[[5, 6]]",0.0,1.0,1.0,0.0,0.0
4.508474576271187,release,2,"[[5, 6]]",0.0,1.0,1.0,0.0,0.0
4.576271186440678,release,2,"[[5, 6]]",0.0,1.0,1.0,0.0,0.0
4.6440677966101696,release,2,"[[5, 6]]",0.0,1.0,1.0,0.0,0.0
4.711864406779661,release,2,"[[5, 6]]",0.0,1.0,1.0,0.0,0.0
4.779661016949152,release,2,"[[5, 6]]",0.0,1.0,1.0,0.0,0.0
4.847457627118644,release,2,"[[5, 6]]",0.0,1.0,1.0,0.0,0.0
4.915254237288135,release,2,"[[5, 6]]",0.0,1.0,1.0,0.0,0.0
4.983050847457627,release,2,"[[5, 6]]",0.0,1.0,1.0,0.0,0.0
5.0508474576271185,release,2,"[[5, 6]]",0.0,1.0,1.0,0.0,0.0
5.118644067796611,release,2,"[[5, 6]]",0.0,1.0,1.0,0.0,0.0
5.186440677966102,release,2,"[[5, 6]]",0.0,1.0,1.0,0.0,0.0
5.254237288135593,release,2,"[[5, 6]]",0.0,1.0,1.0,0.0,0.0
5.322033898305085,release,2,"[[5, 6]]",0.0,1.0,1.0,0.0,0.0
5.389830508474576,release,2,"[[5, 6]]",0.0,1.0,1.0,0.0,0.0
5.4576271186440675,release,2,"[[5, 6]]",0.0,1.0,1.0,0.0,0.0
5.525423728813559,release,2,"[[5, 6]]",0.0,1.0,1.0,0.0,0.0
5.593220338983051,release,2,"[[5, 6]]",0.0,1.0,1.0,0.0,0.0
5.661016949152542,release,2,"[[5, 6]]",0.0,1.0,1.0,0.0,0.0
5.728813559322034,release,2,"[[5, 6]]",0.0,1.0,1.0,0.0,0.0
5.796610169491526,release,2,"[[5, 6]]",0.0,1.0,1.0,0.0,0.0
5.864406779661017,release,2,"[[5, 6]]",0.0,1.0,1.0,0.0,0.0
5.932203389830509,release,2,"[[5, 6]]",0.0,1.0,1.0,0.0,0.0
6.0,release,2,"[[5, 6]]",0.0,1.0,1.0,0.0,0.0
