seed,t,phase,map_hid,map_prob,map_size,prev_map_size,R_old_displayed,R_new_displayed,jaccard_displayed,n_retained_displayed,n_lost_displayed,n_gained_displayed,overlap_zero_displayed,R_old_branch_internal,R_new_branch_internal,branch_internal_overlap,displayed_vs_branch_internal_disagree,flagged_unusual_transition_lineage_forensics,n_live_hypotheses,n_components,coalesced_map_matches_map
503,1,uncontrolled,0,1.0,45,,,0.0,0.0,0,0,45,True,,,,False,False,1,8,True
503,2,uncontrolled,0,1.0,41,45,0.7777777777777778,0.8536585365853658,0.6862745098039216,35,10,6,False,0.7777777777777778,0.8536585365853658,35,False,False,1,14,True
503,3,uncontrolled,1,0.6405133468976208,35,41,0.6341463414634146,0.7428571428571429,0.52,26,15,9,False,0.6341463414634146,0.7428571428571429,26,False,True,2,15,True
503,4,uncontrolled,4,0.4120993796776004,16,35,0.45714285714285713,1.0,0.45714285714285713,16,19,0,False,0.45714285714285713,1.0,16,False,False,3,5,True
503,5,uncontrolled,4,0.4120993796776004,17,16,1.0,0.9411764705882353,0.9411764705882353,16,0,1,False,1.0,0.9411764705882353,16,False,False,3,6,True
503,6,uncontrolled,4,0.4120993796776004,17,17,1.0,1.0,1.0,17,0,0,False,1.0,1.0,17,False,False,4,6,True
503,7,uncontrolled,4,0.4120993796776004,50,17,0.7058823529411765,0.24,0.21818181818181817,12,5,38,False,0.7058823529411765,0.24,12,False,True,4,21,True
503,8,uncontrolled,7,0.20894921137488903,35,50,0.46,0.6571428571428571,0.3709677419354839,23,27,12,False,0.46,0.6571428571428571,23,False,True,6,11,True
503,9,uncontrolled,6,0.23003592083094018,18,35,0.0,0.0,0.0,0,35,18,True,0.6206896551724138,1.0,22,True,True,6,7,False
503,10,uncontrolled,6,0.23003592083094018,37,18,0.9444444444444444,0.4594594594594595,0.4473684210526316,17,1,20,False,0.9444444444444444,0.4594594594594595,17,False,True,6,15,False
503,11,uncontrolled,8,0.2469349922736214,19,37,0.0,0.0,0.0,0,37,19,True,1.0,0.9473684210526315,37,True,True,6,6,True
503,12,uncontrolled,8,0.2469349922736214,18,19,0.9473684210526315,1.0,0.9473684210526315,18,1,0,False,0.9473684210526315,1.0,18,False,False,6,5,True
503,13,uncontrolled,8,0.2469349922736214,18,18,1.0,1.0,1.0,18,0,0,False,1.0,1.0,18,False,False,6,5,True
503,14,uncontrolled,8,0.2469349922736214,19,18,0.9444444444444444,0.8947368421052632,0.85,17,1,2,False,0.9444444444444444,0.8947368421052632,17,False,False,6,5,True
503,15,uncontrolled,8,0.2469349922736214,20,19,1.0,0.95,0.95,19,0,1,False,1.0,0.95,19,False,False,6,6,True
503,16,uncontrolled,8,0.2469349922736214,20,20,0.95,0.95,0.9047619047619048,19,1,1,False,0.95,0.95,19,False,False,6,4,True
503,17,uncontrolled,8,0.2587693705204176,19,20,0.9,0.9473684210526315,0.8571428571428571,18,2,1,False,0.9,0.9473684210526315,18,False,False,6,4,True
503,18,uncontrolled,8,0.2587693705204176,28,19,1.0,0.6785714285714286,0.6785714285714286,19,0,9,False,1.0,0.6785714285714286,19,False,False,6,5,True
503,19,uncontrolled,8,0.2587693705204176,27,28,0.9642857142857143,1.0,0.9642857142857143,27,1,0,False,0.9642857142857143,1.0,27,False,False,6,4,False
503,20,uncontrolled,8,0.2587693705204176,27,27,1.0,1.0,1.0,27,0,0,False,1.0,1.0,27,False,False,6,7,False
503,21,uncontrolled,8,0.29319550499911096,28,27,1.0,0.9642857142857143,0.9642857142857143,27,0,1,False,1.0,0.9642857142857143,27,False,False,6,8,True
503,22,uncontrolled,8,0.29319550499911096,28,28,1.0,1.0,1.0,28,0,0,False,1.0,1.0,28,False,False,6,7,True
503,23,uncontrolled,8,0.29319550499911096,28,28,1.0,1.0,1.0,28,0,0,False,1.0,1.0,28,False,False,6,9,True
503,24,uncontrolled,8,0.29319550499911096,34,28,1.0,0.8235294117647058,0.8235294117647058,28,0,6,False,1.0,0.8235294117647058,28,False,False,6,12,True
503,25,uncontrolled,8,0.29319550499911096,29,34,0.8529411764705882,1.0,0.8529411764705882,29,5,0,False,0.8529411764705882,1.0,29,False,False,6,11,True
503,26,uncontrolled,8,0.29319550499911096,28,29,0.9655172413793104,1.0,0.9655172413793104,28,1,0,False,0.9655172413793104,1.0,28,False,False,6,10,True
503,27,uncontrolled,8,0.29319550499911096,28,28,1.0,1.0,1.0,28,0,0,False,1.0,1.0,28,False,False,6,7,True
503,28,uncontrolled,8,0.30618341430778245,28,28,1.0,1.0,1.0,28,0,0,False,1.0,1.0,28,False,False,6,5,True
503,29,uncontrolled,8,0.30618341430778245,28,28,1.0,1.0,1.0,28,0,0,False,1.0,1.0,28,False,False,6,5,True
503,30,uncontrolled,8,0.30618341430778245,28,28,1.0,1.0,1.0,28,0,0,False,1.0,1.0,28,False,False,6,4,True
503,31,uncontrolled,8,0.30618341430778245,28,28,1.0,1.0,1.0,28,0,0,False,1.0,1.0,28,False,False,6,5,True
503,32,uncontrolled,8,0.30618341430778245,28,28,1.0,1.0,1.0,28,0,0,False,1.0,1.0,28,False,False,6,6,True
503,33,uncontrolled,8,0.30618341430778245,36,28,1.0,0.7777777777777778,0.7777777777777778,28,0,8,False,1.0,0.7777777777777778,28,False,False,6,11,True
503,34,uncontrolled,8,0.30618341430778245,35,36,0.9722222222222222,1.0,0.9722222222222222,35,1,0,False,0.9722222222222222,1.0,35,False,False,6,10,True
503,35,control,11,0.2624915692077248,21,35,0.0,0.0,0.0,0,35,21,True,1.0,0.8095238095238095,35,True,True,6,7,False
503,36,control,11,0.2624915692077248,21,21,1.0,1.0,1.0,21,0,0,False,1.0,1.0,21,False,False,6,7,False
503,37,control,11,0.2624915692077248,15,21,0.7142857142857143,1.0,0.7142857142857143,15,6,0,False,0.7142857142857143,1.0,15,False,False,6,3,False
503,38,control,11,0.2624915692077248,15,15,1.0,1.0,1.0,15,0,0,False,1.0,1.0,15,False,False,6,3,False
503,39,control,11,0.2624915692077248,15,15,1.0,1.0,1.0,15,0,0,False,1.0,1.0,15,False,False,6,3,False
503,40,control,11,0.2624915692077248,15,15,1.0,1.0,1.0,15,0,0,False,1.0,1.0,15,False,False,6,3,False
503,41,control,11,0.2624915692077248,16,15,1.0,0.9375,0.9375,15,0,1,False,1.0,0.9375,15,False,False,6,5,False
503,42,control,11,0.2624915692077248,16,16,1.0,1.0,1.0,16,0,0,False,1.0,1.0,16,False,False,6,4,False
503,43,control,11,0.2624915692077248,42,16,1.0,0.38095238095238093,0.38095238095238093,16,0,26,False,1.0,0.38095238095238093,16,False,True,6,12,False
503,44,control,11,0.2624915692077248,38,42,0.9047619047619048,1.0,0.9047619047619048,38,4,0,False,0.9047619047619048,1.0,38,False,False,6,7,False
503,45,control,11,0.2624915692077248,33,38,0.868421052631579,1.0,0.868421052631579,33,5,0,False,0.868421052631579,1.0,33,False,False,6,10,False
503,46,control,11,0.2624915692077248,37,33,1.0,0.8918918918918919,0.8918918918918919,33,0,4,False,1.0,0.8918918918918919,33,False,False,6,11,False
503,47,control,29,0.24099060413779988,31,37,0.0,0.0,0.0,0,37,31,True,1.0,1.0,37,True,True,6,8,True
503,48,control,29,0.24099060413779988,31,31,1.0,1.0,1.0,31,0,0,False,1.0,1.0,31,False,False,6,8,True
503,49,control,29,0.24099060413779988,33,31,1.0,0.9393939393939394,0.9393939393939394,31,0,2,False,1.0,0.9393939393939394,31,False,False,6,10,True
503,50,control,29,0.24099060413779988,33,33,1.0,1.0,1.0,33,0,0,False,1.0,1.0,33,False,False,6,12,True
503,51,control,29,0.24099060413779988,33,33,1.0,1.0,1.0,33,0,0,False,1.0,1.0,33,False,False,6,9,True
503,52,control,29,0.24099060413779988,31,33,0.9393939393939394,1.0,0.9393939393939394,31,2,0,False,0.9393939393939394,1.0,31,False,False,6,8,True
503,53,control,29,0.24099060413779988,33,31,1.0,0.9393939393939394,0.9393939393939394,31,0,2,False,1.0,0.9393939393939394,31,False,False,6,9,True
503,54,control,29,0.24099060413779988,31,33,0.9393939393939394,1.0,0.9393939393939394,31,2,0,False,0.9393939393939394,1.0,31,False,False,6,8,True
503,55,control,29,0.24099060413779988,33,31,1.0,0.9393939393939394,0.9393939393939394,31,0,2,False,1.0,0.9393939393939394,31,False,False,6,11,True
503,56,control,29,0.24099060413779988,31,33,0.9393939393939394,1.0,0.9393939393939394,31,2,0,False,0.9393939393939394,1.0,31,False,False,6,10,True
503,57,control,29,0.24099060413779988,31,31,1.0,1.0,1.0,31,0,0,False,1.0,1.0,31,False,False,6,10,True
503,58,release,29,0.24099060413779988,32,31,0.967741935483871,0.9375,0.9090909090909091,30,1,2,False,0.967741935483871,0.9375,30,False,False,6,10,True
503,59,release,29,0.2534575159247285,32,32,1.0,1.0,1.0,32,0,0,False,1.0,1.0,32,False,False,6,9,True
503,60,release,29,0.2534575159247285,33,32,1.0,0.9696969696969697,0.9696969696969697,32,0,1,False,1.0,0.9696969696969697,32,False,False,6,11,True
503,61,release,29,0.2534575159247285,32,33,0.9696969696969697,1.0,0.9696969696969697,32,1,0,False,0.9696969696969697,1.0,32,False,False,6,10,True
503,62,release,29,0.26397692340335177,31,32,0.96875,1.0,0.96875,31,1,0,False,0.96875,1.0,31,False,False,6,8,True
503,63,release,29,0.26397692340335177,30,31,0.967741935483871,1.0,0.967741935483871,30,1,0,False,0.967741935483871,1.0,30,False,False,6,7,True
503,64,release,29,0.26397692340335177,29,30,0.9666666666666667,1.0,0.9666666666666667,29,1,0,False,0.9666666666666667,1.0,29,False,False,6,6,True
503,65,release,29,0.26397692340335177,26,29,0.896551724137931,1.0,0.896551724137931,26,3,0,False,0.896551724137931,1.0,26,False,False,6,4,True
503,66,release,29,0.26397692340335177,28,26,1.0,0.9285714285714286,0.9285714285714286,26,0,2,False,1.0,0.9285714285714286,26,False,False,6,5,True
503,67,release,29,0.31186418179098796,28,28,1.0,1.0,1.0,28,0,0,False,1.0,1.0,28,False,False,5,4,True
503,68,release,29,0.311864181790988,31,28,1.0,0.9032258064516129,0.9032258064516129,28,0,3,False,1.0,0.9032258064516129,28,False,False,5,7,True
503,69,release,29,0.311864181790988,30,31,0.967741935483871,1.0,0.967741935483871,30,1,0,False,0.967741935483871,1.0,30,False,False,5,6,True
503,70,release,29,0.311864181790988,31,30,1.0,0.967741935483871,0.967741935483871,30,0,1,False,1.0,0.967741935483871,30,False,False,5,7,True
503,71,release,29,0.311864181790988,31,31,1.0,1.0,1.0,31,0,0,False,1.0,1.0,31,False,False,5,6,True
503,72,release,29,0.311864181790988,36,31,1.0,0.8611111111111112,0.8611111111111112,31,0,5,False,1.0,0.8611111111111112,31,False,False,5,8,True
503,73,release,29,0.311864181790988,36,36,1.0,1.0,1.0,36,0,0,False,1.0,1.0,36,False,False,5,10,True
503,74,release,29,0.311864181790988,36,36,1.0,1.0,1.0,36,0,0,False,1.0,1.0,36,False,False,5,9,True
503,75,release,29,0.311864181790988,33,36,0.9166666666666666,1.0,0.9166666666666666,33,3,0,False,0.9166666666666666,1.0,33,False,False,5,6,True
503,76,release,29,0.311864181790988,33,33,1.0,1.0,1.0,33,0,0,False,1.0,1.0,33,False,False,5,6,True
503,77,release,29,0.311864181790988,35,33,1.0,0.9428571428571428,0.9428571428571428,33,0,2,False,1.0,0.9428571428571428,33,False,False,5,8,True
503,78,release,29,0.311864181790988,35,35,1.0,1.0,1.0,35,0,0,False,1.0,1.0,35,False,False,5,8,True
503,79,release,29,0.311864181790988,35,35,0.9428571428571428,0.9428571428571428,0.8918918918918919,33,2,2,False,0.9428571428571428,0.9428571428571428,33,False,False,5,9,True
503,80,release,29,0.311864181790988,36,35,0.9714285714285714,0.9444444444444444,0.918918918918919,34,1,2,False,0.9714285714285714,0.9444444444444444,34,False,False,6,10,True
503,81,release,29,0.31872811459411704,35,36,0.9722222222222222,1.0,0.9722222222222222,35,1,0,False,0.9722222222222222,1.0,35,False,False,6,9,True
