q,g1,g2,g3,g4,g5,g6,g7,g8
-2.0,0.19812206572769955,0.19812206572769955,0.013708920187793423,0.11267605633802819,0.09859154929577466,0.09220657276995306,0.06478873239436621,0.06478873239436621
-1.975,0.19812206572769953,0.19812206572769955,0.014317422624425714,0.11267605633802817,0.09859154929577466,0.09306564207760698,0.0647887323943662,0.0647887323943662
-1.95,0.19812206572769953,0.19812206572769953,0.014947222812844444,0.11267605633802817,0.09859154929577466,0.09393581687941288,0.06478873239436621,0.06478873239436621
-1.925,0.19812206572769955,0.19812206572769955,0.015599151200647018,0.11267605633802817,0.09859154929577466,0.09481709845561172,0.06478873239436621,0.06478873239436621
-1.9,0.19812206572769955,0.19812206572769955,0.016274072489892356,0.11267605633802819,0.09859154929577466,0.09570947012516169,0.06478873239436622,0.06478873239436622
-1.875,0.19812206572769953,0.19812206572769953,0.016972886917816017,0.11267605633802817,0.09859154929577466,0.09661289536527122,0.0647887323943662,0.0647887323943662
-1.85,0.1981220657276995,0.1981220657276995,0.01769653155412596,0.11267605633802817,0.09859154929577466,0.09752731576949919,0.0647887323943662,0.0647887323943662
-1.825,0.19812206572769953,0.19812206572769955,0.018445981609578572,0.11267605633802816,0.09859154929577466,0.09845264883184712,0.0647887323943662,0.0647887323943662
-1.8,0.19812206572769953,0.19812206572769955,0.01922225174949066,0.11267605633802817,0.09859154929577461,0.09938878554344936,0.0647887323943662,0.0647887323943662
-1.775,0.19812206572769955,0.19812206572769955,0.020026397404655817,0.11267605633802819,0.09859154929577466,0.10033558778763027,0.06478873239436621,0.06478873239436621
-1.75,0.19812206572769953,0.19812206572769955,0.02085951607078368,0.11267605633802817,0.09859154929577466,0.10129288551823762,0.0647887323943662,0.0647887323943662
-1.725,0.19812206572769955,0.19812206572769955,0.021722748586050698,0.11267605633802817,0.09859154929577466,0.10226047370530367,0.06478873239436621,0.06478873239436621
-1.7,0.19812206572769955,0.19812206572769955,0.02261728037462135,0.11267605633802821,0.09859154929577466,0.10323810903122249,0.06478873239436621,0.06478873239436621
-1.675,0.19812206572769953,0.19812206572769955,0.023544342642045968,0.11267605633802819,0.09859154929577463,0.10422550631979317,0.06478873239436621,0.06478873239436621
-1.65,0.19812206572769955,0.19812206572769955,0.024505213506244544,0.11267605633802817,0.09859154929577466,0.10522233467966968,0.0647887323943662,0.0647887323943662
-1.625,0.19812206572769955,0.19812206572769955,0.025501219045316253,0.11267605633802821,0.09859154929577468,0.10622821334300508,0.06478873239436621,0.06478873239436621
-1.6,0.19812206572769953,0.19812206572769953,0.02653373424064988,0.11267605633802813,0.09859154929577461,0.10724270717940601,0.06478873239436617,0.06478873239436617
-1.575,0.19812206572769955,0.19812206572769955,0.027604183790719425,0.11267605633802817,0.09859154929577468,0.10826532186474931,0.06478873239436621,0.06478873239436621
-1.55,0.19812206572769953,0.19812206572769953,0.028714042767503875,0.11267605633802816,0.09859154929577466,0.10929549868399718,0.06478873239436621,0.06478873239436621
-1.525,0.19812206572769953,0.19812206572769955,0.02986483708364325,0.11267605633802817,0.09859154929577466,0.11033260894692215,0.0647887323943662,0.06478873239436618
-1.5,0.19812206572769953,0.19812206572769955,0.031058143734200065,0.11267605633802813,0.09859154929577466,0.1113759479956663,0.0647887323943662,0.06478873239436617
-1.475,0.19812206572769953,0.19812206572769955,0.03229559077221317,0.11267605633802817,0.09859154929577463,0.11242472878338061,0.0647887323943662,0.06478873239436618
-1.45,0.19812206572769955,0.19812206572769955,0.03357885697207688,0.11267605633802817,0.09859154929577466,0.11347807500387769,0.06478873239436621,0.06478873239436621
-1.4249999999999998,0.19812206572769953,0.19812206572769953,0.03490967112913268,0.11267605633802813,0.09859154929577463,0.11453501375338027,0.06478873239436621,0.06478873239436621
-1.4,0.1981220657276995,0.19812206572769955,0.036289810937698265,0.11267605633802819,0.09859154929577466,0.11559446770714377,0.06478873239436622,0.06478873239436622
-1.375,0.19812206572769953,0.19812206572769955,0.03772110138307324,0.11267605633802817,0.09859154929577466,0.11665524679609185,0.06478873239436618,0.06478873239436617
-1.35,0.19812206572769953,0.19812206572769953,0.03920541257583887,0.11267605633802813,0.09859154929577466,0.11771603937174864,0.06478873239436617,0.06478873239436617
-1.325,0.19812206572769953,0.19812206572769955,0.04074465694902768,0.11267605633802819,0.09859154929577466,0.11877540285182786,0.06478873239436621,0.06478873239436621
-1.2999999999999998,0.19812206572769955,0.19812206572769955,0.042340785730492006,0.11267605633802816,0.09859154929577461,0.11983175384400582,0.06478873239436621,0.06478873239436621
-1.275,0.1981220657276995,0.19812206572769953,0.04399578459409957,0.11267605633802817,0.09859154929577466,0.12088335775184317,0.0647887323943662,0.0647887323943662
-1.25,0.19812206572769955,0.19812206572769955,0.0457116683842895,0.11267605633802813,0.09859154929577466,0.12192831787472803,0.06478873239436622,0.06478873239436622
-1.225,0.19812206572769955,0.19812206572769953,0.0474904747991406,0.11267605633802816,0.09859154929577466,0.12296456402331343,0.0647887323943662,0.0647887323943662
-1.2,0.19812206572769955,0.19812206572769955,0.04933425690756562,0.11267605633802819,0.09859154929577468,0.12398984068344497,0.06478873239436622,0.06478873239436622
-1.1749999999999998,0.19812206572769953,0.19812206572769953,0.05124507436673952,0.11267605633802817,0.09859154929577461,0.1250016947752851,0.06478873239436621,0.06478873239436621
-1.15,0.19812206572769955,0.19812206572769955,0.053224983196632256,0.1126760563380282,0.09859154929577466,0.1259974630704933,0.06478873239436621,0.06478873239436621
-1.125,0.19812206572769953,0.19812206572769955,0.05527602395985106,0.11267605633802813,0.09859154929577463,0.12697425934919865,0.0647887323943662,0.0647887323943662
-1.1,0.19812206572769953,0.19812206572769955,0.05740020818728357,0.11267605633802821,0.09859154929577466,0.12792896140037816,0.06478873239436618,0.06478873239436618
-1.075,0.19812206572769955,0.19812206572769955,0.05959950288373716,0.11267605633802821,0.0985915492957747,0.12885819799438358,0.06478873239436622,0.06478873239436624
-1.0499999999999998,0.1981220657276995,0.19812206572769955,0.06187581294345544,0.11267605633802817,0.09859154929577466,0.12975833598499442,0.06478873239436621,0.06478873239436621
-1.025,0.19812206572769953,0.19812206572769955,0.06423096130373625,0.11267605633802813,0.09859154929577461,0.1306254677306959,0.06478873239436621,0.0647887323943662
-1.0,0.19812206572769955,0.19812206572769955,0.06666666666666668,0.11267605633802813,0.09859154929577463,0.1314553990610329,0.0647887323943662,0.0647887323943662
-0.9749999999999999,0.19812206572769953,0.19812206572769953,0.06918451862515476,0.11267605633802813,0.09859154929577463,0.13224363805389205,0.06478873239436614,0.06478873239436615
-0.95,0.19812206572769953,0.19812206572769955,0.07178595004102584,0.11267605633802816,0.09859154929577466,0.13298538493334072,0.06478873239436618,0.06478873239436618
-0.925,0.19812206572769953,0.19812206572769953,0.0744722065411442,0.11267605633802819,0.09859154929577466,0.13367552344492462,0.06478873239436621,0.06478873239436622
-0.8999999999999999,0.19812206572769955,0.19812206572769955,0.07724431302362982,0.11267605633802817,0.09859154929577466,0.13430861411563305,0.0647887323943662,0.0647887323943662
-0.875,0.19812206572769953,0.19812206572769953,0.08010303710166605,0.11267605633802816,0.09859154929577461,0.13487888985832397,0.06478873239436618,0.06478873239436614
-0.8499999999999999,0.19812206572769953,0.19812206572769955,0.08304884945862889,0.11267605633802814,0.09859154929577461,0.1353802544342007,0.06478873239436617,0.06478873239436617
-0.825,0.19812206572769955,0.19812206572769955,0.08608188114680401,0.11267605633802817,0.09859154929577466,0.13580628434047942,0.06478873239436621,0.06478873239436621
-0.7999999999999998,0.19812206572769953,0.19812206572769953,0.08920187793427233,0.11267605633802813,0.09859154929577466,0.13615023474178406,0.0647887323943662,0.0647887323943662
-0.7749999999999999,0.19812206572769955,0.19812206572769955,0.0924081518919583,0.11267605633802813,0.0985915492957746,0.13640505011063386,0.0647887323943662,0.06478873239436617
-0.75,0.19812206572769955,0.19812206572769955,0.09569953051643197,0.11267605633802817,0.09859154929577466,0.13656338028169013,0.0647887323943662,0.0647887323943662
-0.7249999999999999,0.19812206572769953,0.19812206572769955,0.0990743038045287,0.11267605633802817,0.09859154929577466,0.1366176026526495,0.0647887323943662,0.06478873239436618
-0.7,0.19812206572769953,0.19812206572769955,0.10253016983331761,0.11267605633802817,0.09859154929577466,0.13655985127768852,0.0647887323943662,0.0647887323943662
-0.6749999999999998,0.19812206572769953,0.19812206572769955,0.10606417955277106,0.11267605633802813,0.09859154929577466,0.13638205359248665,0.06478873239436617,0.06478873239436617
-0.6499999999999999,0.19812206572769955,0.19812206572769955,0.10967268166703795,0.11267605633802817,0.09859154929577466,0.13607597547794087,0.06478873239436622,0.06478873239436622
-0.625,0.19812206572769953,0.19812206572769955,0.11335126866065304,0.11267605633802817,0.09859154929577466,0.13563327530727434,0.0647887323943662,0.0647887323943662
-0.5999999999999999,0.19812206572769955,0.19812206572769953,0.11709472521402929,0.11267605633802817,0.09859154929577466,0.13504556752278377,0.0647887323943662,0.06478873239436618
-0.575,0.19812206572769955,0.19812206572769955,0.12089698044222752,0.11267605633802819,0.09859154929577466,0.13430449614864703,0.06478873239436622,0.06478873239436622
-0.5499999999999998,0.19812206572769953,0.19812206572769955,0.12475106557450913,0.11267605633802817,0.09859154929577461,0.13340181846034618,0.06478873239436618,0.06478873239436618
-0.5249999999999999,0.19812206572769955,0.19812206572769955,0.12864907885989796,0.11267605633802821,0.09859154929577466,0.13232949879581257,0.06478873239436625,0.06478873239436624
-0.5,0.19812206572769955,0.19812206572769955,0.1325821596244132,0.11267605633802817,0.0985915492957747,0.13107981220657278,0.0647887323943662,0.0647887323943662
-0.47499999999999987,0.19812206572769955,0.19812206572769955,0.1365404735056609,0.11267605633802817,0.09859154929577463,0.1296454573095551,0.0647887323943662,0.0647887323943662
-0.44999999999999996,0.19812206572769953,0.19812206572769955,0.14051321093574615,0.11267605633802817,0.09859154929577468,0.128019677315452,0.06478873239436625,0.06478873239436625
-0.4249999999999998,0.19812206572769955,0.19812206572769955,0.14448860091908433,0.11267605633802819,0.0985915492957747,0.12619638778497702,0.06478873239436625,0.06478873239436625
-0.3999999999999999,0.19812206572769955,0.19812206572769955,0.148453942043063,0.11267605633802821,0.09859154929577466,0.12417030921159142,0.06478873239436622,0.06478873239436622
-0.375,0.19812206572769955,0.19812206572769955,0.152395652453534,0.11267605633802819,0.09859154929577466,0.12193710206444151,0.06478873239436625,0.06478873239436622
-0.34999999999999987,0.19812206572769953,0.19812206572769955,0.15629934021351571,0.11267605633802813,0.09859154929577466,0.11949350146909665,0.06478873239436618,0.06478873239436618
-0.32499999999999996,0.19812206572769955,0.19812206572769955,0.1601498950363193,0.11267605633802817,0.09859154929577466,0.11683744828117,0.06478873239436621,0.06478873239436621
-0.2999999999999998,0.19812206572769955,0.19812206572769955,0.16393160184347677,0.11267605633802817,0.09859154929577466,0.1139682129474092,0.0647887323943662,0.06478873239436621
-0.2749999999999999,0.19812206572769955,0.19812206572769955,0.16762827595049282,0.11267605633802817,0.09859154929577466,0.11088650828075172,0.06478873239436621,0.06478873239436621
-0.25,0.19812206572769955,0.19812206572769955,0.1712234189450428,0.11267605633802819,0.09859154929577466,0.10759458713062689,0.0647887323943662,0.0647887323943662
-0.22499999999999987,0.19812206572769955,0.19812206572769955,0.17470039351716093,0.11267605633802817,0.09859154929577466,0.10409632093572738,0.06478873239436621,0.06478873239436621
-0.19999999999999996,0.19812206572769955,0.19812206572769955,0.17804261466233304,0.11267605633802817,0.09859154929577466,0.10039725532683279,0.06478873239436624,0.06478873239436621
-0.17499999999999982,0.19812206572769955,0.19812206572769955,0.18123375384711748,0.11267605633802813,0.09859154929577466,0.09650463931761175,0.06478873239436621,0.06478873239436621
-0.1499999999999999,0.19812206572769953,0.19812206572769955,0.1842579519496769,0.11267605633802817,0.09859154929577466,0.09242742518681772,0.0647887323943662,0.0647887323943662
-0.125,0.19812206572769955,0.19812206572769958,0.18710003611412063,0.11267605633802821,0.09859154929577468,0.0881762369086313,0.06478873239436622,0.06478873239436622
-0.09999999999999987,0.19812206572769953,0.19812206572769955,0.189745735136894,0.11267605633802817,0.09859154929577466,0.08376330590805556,0.06478873239436621,0.06478873239436621
-0.07499999999999996,0.19812206572769955,0.19812206572769955,0.1921818876799225,0.11267605633802813,0.09859154929577463,0.07920237397036038,0.0647887323943662,0.0647887323943662
-0.04999999999999982,0.19812206572769955,0.19812206572769955,0.19439663751419578,0.11267605633802817,0.09859154929577466,0.07450856427007596,0.06478873239436621,0.06478873239436621
-0.02499999999999991,0.19812206572769955,0.19812206572769955,0.1963796101614895,0.11267605633802817,0.09859154929577466,0.0696982226484034,0.06478873239436621,0.06478873239436618
0.0,0.19812206572769955,0.19812206572769955,0.19812206572769958,0.11267605633802819,0.09859154929577466,0.06478873239436622,0.06478873239436621,0.06478873239436621
0.02499999999999991,0.19812206572769955,0.19812206572769955,0.19961702339793497,0.11267605633802817,0.09859154929577468,0.05979830680941785,0.06478873239436621,0.06478873239436621
0.050000000000000266,0.19812206572769955,0.19812206572769955,0.20085935396251153,0.11267605633802817,0.09859154929577466,0.05474576469624056,0.0647887323943662,0.0647887323943662
0.07500000000000018,0.19812206572769955,0.19812206572769958,0.20184583781954207,0.11267605633802819,0.09859154929577468,0.049650294557900515,0.06478873239436621,0.06478873239436621
0.10000000000000009,0.19812206572769955,0.19812206572769955,0.20257518709617445,0.11267605633802819,0.09859154929577466,0.044531213684748744,0.06478873239436621,0.06478873239436621
0.125,0.19812206572769955,0.19812206572769955,0.20304803178042619,0.11267605633802819,0.09859154929577466,0.03940772842181294,0.06478873239436621,0.06478873239436621
0.1499999999999999,0.19812206572769955,0.19812206572769958,0.20326687098958873,0.11267605633802817,0.09859154929577466,0.03429870174592791,0.06478873239436621,0.06478873239436621
0.17500000000000027,0.19812206572769955,0.19812206572769955,0.20323599165236014,0.11267605633802813,0.09859154929577466,0.02922243385520312,0.0647887323943662,0.0647887323943662
0.20000000000000018,0.19812206572769955,0.19812206572769955,0.2029613578909354,0.11267605633802817,0.09859154929577468,0.024196460816179103,0.06478873239436622,0.06478873239436621
0.2250000000000001,0.19812206572769955,0.19812206572769955,0.20245047520897747,0.11267605633802821,0.09859154929577466,0.019237375472346257,0.06478873239436621,0.06478873239436621
0.25,0.19812206572769955,0.19812206572769955,0.20171223418945045,0.11267605633802817,0.09859154929577468,0.014360673847003597,0.06478873239436621,0.06478873239436621
0.2749999999999999,0.19812206572769955,0.19812206572769955,0.20075673876690325,0.11267605633802817,0.09859154929577466,0.009580629233467839,0.06478873239436621,0.06478873239436621
0.30000000000000027,0.19812206572769955,0.19812206572769955,0.19959512426239395,0.11267605633802821,0.0985915492957747,0.004910195115647983,0.06478873239436622,0.06478873239436622
0.3250000000000002,0.19812206572769955,0.19812206572769955,0.19823937027099478,0.11267605633802817,0.0985915492957747,0.00036093705629289437,0.06478873239436622,0.06478873239436622
0.3500000000000001,0.19812206572769955,0.19812206572769955,0.1967021131988666,0.11267605633802817,0.09859154929577468,-0.004057007225237112,0.06478873239436622,0.06478873239436621
0.375,0.19812206572769955,0.19812206572769955,0.19499646279503505,0.11267605633802817,0.09859154929577466,-0.008334941153771975,0.0647887323943662,0.0647887323943662
0.40000000000000036,0.19812206572769955,0.19812206572769955,0.19313582645297067,0.11267605633802817,0.09859154929577466,-0.012465598186822142,0.06478873239436622,0.06478873239436622
0.42500000000000027,0.19812206572769955,0.19812206572769955,0.19113374441105785,0.11267605633802817,0.09859154929577466,-0.016443108980333423,0.0647887323943662,0.0647887323943662
0.4500000000000002,0.19812206572769955,0.19812206572769955,0.18900373829951292,0.11267605633802813,0.09859154929577466,-0.02026294984041466,0.0647887323943662,0.0647887323943662
0.4750000000000001,0.19812206572769955,0.19812206572769955,0.18675917480063114,0.11267605633802817,0.09859154929577466,-0.023921875635933558,0.06478873239436624,0.06478873239436622
0.5,0.19812206572769955,0.19812206572769955,0.18441314553990612,0.11267605633802819,0.09859154929577466,-0.027417840375586845,0.06478873239436621,0.06478873239436621
0.5250000000000004,0.19812206572769955,0.19812206572769955,0.18197836373130177,0.11267605633802817,0.09859154929577468,-0.030749908564567253,0.0647887323943662,0.0647887323943662
0.5500000000000003,0.19812206572769955,0.19812206572769955,0.17946707757742875,0.11267605633802816,0.09859154929577466,-0.033918160273219665,0.0647887323943662,0.06478873239436621
0.5750000000000002,0.19812206572769955,0.19812206572769955,0.1768909999845637,0.11267605633802817,0.09859154929577466,-0.03692359259675797,0.06478873239436622,0.06478873239436621
0.6000000000000001,0.19812206572769955,0.19812206572769958,0.17426125379729357,0.11267605633802817,0.09859154929577463,-0.03976801988400995,0.06478873239436621,0.06478873239436621
0.625,0.19812206572769955,0.19812206572769955,0.17158833148704966,0.11267605633802819,0.09859154929577466,-0.04245397478503983,0.0647887323943662,0.0647887323943662
0.6500000000000004,0.19812206572769955,0.19812206572769955,0.16888206803798772,0.11267605633802819,0.09859154929577468,-0.044984611830325885,0.06478873239436624,0.06478873239436624
0.6750000000000003,0.19812206572769953,0.19812206572769955,0.16615162565488822,0.11267605633802813,0.09859154929577466,-0.0473636149226834,0.06478873239436618,0.06478873239436618
0.7000000000000002,0.19812206572769955,0.19812206572769955,0.16340548886158113,0.11267605633802817,0.09859154929577468,-0.049595109808740614,0.0647887323943662,0.0647887323943662
0.7250000000000001,0.19812206572769955,0.19812206572769955,0.16065146855460224,0.11267605633802819,0.09859154929577466,-0.051683582307720445,0.06478873239436622,0.06478873239436622
0.75,0.19812206572769955,0.19812206572769955,0.15789671361502347,0.11267605633802817,0.09859154929577468,-0.053633802816901416,0.06478873239436622,0.06478873239436622
0.7750000000000004,0.19812206572769955,0.19812206572769955,0.15514772875178967,0.11267605633802813,0.09859154929577466,-0.05545075738827082,0.06478873239436618,0.06478873239436618
0.8000000000000003,0.19812206572769955,0.19812206572769955,0.15241039734341005,0.11267605633802819,0.09859154929577463,-0.05713958548036186,0.06478873239436621,0.06478873239436621
0.8250000000000002,0.19812206572769955,0.19812206572769955,0.14969000815354508,0.11267605633802817,0.09859154929577466,-0.05870552433230847,0.06478873239436622,0.06478873239436622
0.8500000000000001,0.19812206572769955,0.19812206572769955,0.14699128491315577,0.11267605633802817,0.09859154929577466,-0.06015385978181621,0.06478873239436621,0.06478873239436621
0.875,0.19812206572769955,0.19812206572769955,0.14431841788192282,0.11267605633802817,0.0985915492957746,-0.06148988325231627,0.0647887323943662,0.0647887323943662
0.9000000000000004,0.19812206572769955,0.19812206572769955,0.14167509662023703,0.1126760563380282,0.09859154929577463,-0.06271885456384721,0.06478873239436621,0.06478873239436621
0.9250000000000003,0.19812206572769955,0.19812206572769955,0.13906454331693535,0.11267605633802813,0.09859154929577463,-0.06384597017379907,0.06478873239436615,0.06478873239436615
0.9500000000000002,0.19812206572769955,0.19812206572769955,0.1364895461247555,0.11267605633802819,0.09859154929577466,-0.06487633642415158,0.06478873239436621,0.06478873239436621
0.9750000000000001,0.19812206572769953,0.19812206572769955,0.13395249205367846,0.11267605633802819,0.09859154929577468,-0.06581494735797033,0.06478873239436622,0.0647887323943662
1.0,0.19812206572769955,0.19812206572769955,0.13145539906103285,0.11267605633802817,0.09859154929577466,-0.06666666666666665,0.06478873239436621,0.06478873239436621
1.0250000000000004,0.19812206572769955,0.19812206572769955,0.1289999470561048,0.11267605633802817,0.09859154929577466,-0.06743621333814123,0.0647887323943662,0.0647887323943662
1.0500000000000003,0.19812206572769953,0.19812206572769955,0.1265875076060804,0.11267605633802817,0.09859154929577466,-0.06812815059201821,0.0647887323943662,0.06478873239436621
1.0750000000000002,0.19812206572769953,0.19812206572769953,0.12421917218980262,0.11267605633802817,0.09859154929577466,-0.06874687770967157,0.06478873239436625,0.06478873239436625
1.1,0.19812206572769955,0.19812206572769955,0.12189577889660741,0.11267605633802817,0.09859154929577466,-0.06929662439190196,0.0647887323943662,0.0647887323943662
1.125,0.19812206572769953,0.19812206572769955,0.11961793751011818,0.11267605633802817,0.09859154929577466,-0.06978144730451674,0.06478873239436625,0.06478873239436622
1.1500000000000004,0.19812206572769955,0.19812206572769955,0.1173860529520864,0.11267605633802817,0.09859154929577467,-0.07020522850053316,0.06478873239436621,0.0647887323943662
1.1750000000000003,0.19812206572769955,0.19812206572769955,0.11520034708997837,0.11267605633802819,0.09859154929577468,-0.07057167543635842,0.0647887323943662,0.06478873239436622
1.2000000000000002,0.19812206572769955,0.19812206572769955,0.11306087893481107,0.11267605633802817,0.09859154929577466,-0.0708843223274071,0.06478873239436618,0.06478873239436618
1.225,0.19812206572769955,0.19812206572769955,0.11096756327350091,0.11267605633802819,0.09859154929577468,-0.07114653261567239,0.06478873239436622,0.06478873239436622
1.25,0.19812206572769955,0.19812206572769955,0.1089201877934273,0.11267605633802817,0.09859154929577466,-0.07136150234741784,0.06478873239436622,0.06478873239436622
1.2750000000000004,0.1981220657276995,0.19812206572769953,0.10691842876668081,0.11267605633802813,0.09859154929577463,-0.0715322642831519,0.06478873239436617,0.06478873239436617
1.3000000000000003,0.1981220657276995,0.19812206572769955,0.10496186536816933,0.11267605633802817,0.09859154929577466,-0.07166169258425402,0.06478873239436618,0.06478873239436618
1.3250000000000002,0.19812206572769953,0.19812206572769955,0.10304999270591417,0.11267605633802817,0.09859154929577466,-0.0717525079409701,0.0647887323943662,0.0647887323943662
1.35,0.19812206572769953,0.19812206572769955,0.10118223364396597,0.11267605633802821,0.09859154929577468,-0.07180728302498782,0.06478873239436625,0.06478873239436624
1.375,0.19812206572769953,0.19812206572769955,0.09935794949879458,0.11267605633802817,0.09859154929577466,-0.07182844816647635,0.06478873239436622,0.06478873239436622
1.4000000000000004,0.19812206572769955,0.19812206572769955,0.09757644968912571,0.11267605633802819,0.09859154929577466,-0.07181829717040984,0.0647887323943662,0.0647887323943662
1.4250000000000003,0.19812206572769955,0.19812206572769955,0.09583700041729723,0.11267605633802817,0.0985915492957747,-0.07177899320028232,0.06478873239436622,0.06478873239436622
1.4500000000000002,0.19812206572769955,0.19812206572769955,0.0941388324575441,0.11267605633802817,0.09859154929577466,-0.07171257466907273,0.06478873239436622,0.06478873239436621
1.475,0.19812206572769953,0.19812206572769955,0.09248114812340553,0.11267605633802817,0.09859154929577466,-0.07162096108765695,0.0647887323943662,0.0647887323943662
1.5,0.19812206572769955,0.19812206572769955,0.0908631274828458,0.11267605633802817,0.09859154929577466,-0.0715059588299025,0.0647887323943662,0.0647887323943662
1.5250000000000004,0.19812206572769955,0.19812206572769955,0.08928393388584334,0.11267605633802813,0.09859154929577463,-0.07136926678154498,0.0647887323943662,0.06478873239436618
1.5500000000000003,0.19812206572769953,0.19812206572769955,0.08774271886523645,0.11267605633802813,0.09859154929577466,-0.07121248184675039,0.0647887323943662,0.0647887323943662
1.5750000000000002,0.19812206572769953,0.19812206572769955,0.08623862646761035,0.11267605633802819,0.0985915492957747,-0.07103710429212011,0.06478873239436622,0.06478873239436622
1.6,0.19812206572769953,0.19812206572769953,0.08477079706704649,0.11267605633802817,0.09859154929577466,-0.07084454291290815,0.06478873239436621,0.06478873239436621
1.625,0.19812206572769955,0.19812206572769955,0.08333837071067322,0.11267605633802821,0.0985915492957747,-0.07063612001047774,0.06478873239436622,0.06478873239436622
1.6500000000000004,0.19812206572769953,0.19812206572769953,0.08194049004120985,0.11267605633802813,0.09859154929577461,-0.07041307617363009,0.06478873239436618,0.06478873239436617
1.6750000000000003,0.19812206572769953,0.19812206572769953,0.08057630283810487,0.11267605633802817,0.09859154929577461,-0.07017657485945951,0.0647887323943662,0.06478873239436617
1.7000000000000002,0.19812206572769955,0.19812206572769955,0.07924496421545552,0.11267605633802817,0.09859154929577466,-0.06992770677190822,0.0647887323943662,0.0647887323943662
1.725,0.19812206572769953,0.19812206572769955,0.07794563851167582,0.11267605633802817,0.09859154929577466,-0.0696674940382746,0.0647887323943662,0.0647887323943662
1.75,0.19812206572769953,0.19812206572769955,0.07667750090285302,0.11267605633802817,0.09859154929577466,-0.06939689418562657,0.06478873239436621,0.06478873239436621
1.7750000000000004,0.19812206572769953,0.19812206572769953,0.07543973876890815,0.11267605633802813,0.09859154929577466,-0.06911680392044581,0.0647887323943662,0.06478873239436617
1.8000000000000003,0.19812206572769953,0.19812206572769953,0.07423155283904684,0.11267605633802813,0.09859154929577466,-0.06882806271591813,0.06478873239436618,0.06478873239436618
1.8250000000000002,0.19812206572769955,0.19812206572769955,0.07305215814054965,0.11267605633802817,0.09859154929577466,-0.06853145621213695,0.0647887323943662,0.0647887323943662
1.85,0.1981220657276995,0.19812206572769953,0.07190078477270251,0.11267605633802813,0.09859154929577463,-0.0682277194351335,0.06478873239436618,0.06478873239436618
1.875,0.19812206572769955,0.19812206572769955,0.07077667852559419,0.11267605633802817,0.09859154929577466,-0.06791753984112286,0.06478873239436622,0.06478873239436622
1.9000000000000004,0.19812206572769955,0.19812206572769958,0.0696791013616042,0.11267605633802821,0.0985915492957747,-0.06760156019268176,0.06478873239436625,0.06478873239436625
1.9250000000000003,0.19812206572769953,0.19812206572769953,0.06860733177566304,0.11267605633802817,0.09859154929577466,-0.06728038127378519,0.0647887323943662,0.0647887323943662
1.9500000000000002,0.19812206572769955,0.19812206572769958,0.06756066504876912,0.11267605633802821,0.0985915492957747,-0.06695456445073356,0.06478873239436622,0.06478873239436622
1.975,0.19812206572769953,0.19812206572769955,0.06653841340779446,0.11267605633802817,0.09859154929577467,-0.06662463408602787,0.0647887323943662,0.06478873239436622
2.0,0.19812206572769955,0.19812206572769955,0.06553990610328639,0.11267605633802817,0.0985915492957747,-0.0662910798122066,0.0647887323943662,0.0647887323943662
