q,T,k,eta_lyapunov,eta_quadrature,eta_from_h_squared,disc_lyap_vs_quad,disc_lyap_vs_hsq
-1,0.1,1,0.008904056108469803,0.0089040561084698,0.008904056133852187,3.469446951953614e-18,2.538238369487189e-11
-1,0.1,2,0.008904056108469807,0.0089040561084698,0.008904056133852187,6.938893903907228e-18,2.538238022542494e-11
-1,0.1,3,0.008352009222259333,0.008352009222259338,0.0083520092313807,5.204170427930421e-18,9.121366856268409e-12
-1,0.1,4,9.661833458858059e-05,9.661833458858053e-05,9.66183379402571e-05,5.421010862427522e-20,3.35167652095944e-12
-1,0.1,5,2.956319385150699e-05,2.956319385150718e-05,2.9563195131847734e-05,1.8973538018496328e-19,1.2803407422809499e-12
-1,0.1,6,0.00044146926123307553,0.0004414692612330773,0.00044146927369398777,1.7889335846010823e-18,1.2460912239119909e-11
-1,0.1,7,1.304272462461658e-05,1.3042724624615956e-05,1.3042724673458804e-05,6.2341624917916505e-19,4.884222366829949e-14
-1,0.1,8,1.304272462461752e-05,1.3042724624615956e-05,1.3042724673458804e-05,1.5636228206314384e-18,4.884128346172804e-14
-1,0.5,1,0.02422640394711078,0.024226403947110852,0.024226405092559734,7.28583859910259e-17,1.1454489544371338e-09
-1,0.5,2,0.02422640394711079,0.024226403947110852,0.024226405092559737,6.245004513516506e-17,1.1454489474982399e-09
-1,0.5,3,0.014186189007304412,0.014186189007304301,0.014186190277107002,1.1102230246251565e-16,1.2698025894652964e-09
-1,0.5,4,0.002752932173603632,0.0027529321736036575,0.002752932151731575,2.5587171270657905e-17,2.1872057116845145e-11
-1,0.5,5,0.0013733457077814357,0.0013733457077814456,0.001373345706577558,9.974659986866641e-18,1.2038777093270614e-12
-1,0.5,6,0.007162397196455639,0.007162397196455788,0.007162397102795595,1.491862189340054e-16,9.366004413008389e-11
-1,0.5,7,0.00011818908699868532,0.00011818908699869468,0.00011818910051621562,9.364796264843545e-18,1.3517530302563363e-11
-1,0.5,8,0.0001181890869986877,0.00011818908699869468,0.00011818910051621562,6.979551485375435e-18,1.3517527917318584e-11
-1,1.0,1,0.028640445344677454,0.028640445344678418,0.028640450392448044,9.645062526431047e-16,5.047770590405065e-09
-1,1.0,2,0.02864044534467746,0.028640445344678418,0.028640450392448048,9.575673587391975e-16,5.047770586935618e-09
-1,1.0,3,0.014210130491794863,0.014210130491793455,0.01421013563940139,1.4085954624931674e-15,5.147606526798021e-09
-1,1.0,4,0.005083082237973416,0.0050830822379737605,0.005083082183078338,3.443426099813962e-16,5.489507806655247e-11
-1,1.0,5,0.003204524673749083,0.0032045246737491375,0.0032045246302132933,5.4643789493269423e-17,4.353578955673676e-11
-1,1.0,6,0.009694035187646985,0.00969403518764901,0.009694035137703064,2.024422296464934e-15,4.994392052704022e-11
-1,1.0,7,0.0009576635222243486,0.0009576635222245494,0.0009576635058743259,2.0079424234431542e-16,1.6350022681230203e-11
-1,1.0,8,0.0009576635222243499,0.0009576635222245494,0.0009576635058743259,1.9949319973733282e-16,1.635002398227281e-11
-1,3.0,1,0.029931266835048546,0.029931266835127444,0.029931313157574885,7.889869313437714e-14,4.632252633904321e-08
-1,3.0,2,0.029931266835048556,0.029931266835127444,0.029931313157574885,7.888828479352128e-14,4.632252632863487e-08
-1,3.0,3,0.014219149355925791,0.014219149355812198,0.014219195683068562,1.1359316265391328e-13,4.6327142771279695e-08
-1,3.0,4,0.0061747487688927315,0.006174748768920881,0.0061747487639222986,2.814935784467565e-14,4.970432919415568e-12
-1,3.0,5,0.004296649827999986,0.00429664982800351,0.004296649822792297,3.5240907414468836e-15,5.20768931450144e-12
-1,3.0,6,0.010582308581759318,0.010582308581922975,0.010582308577758708,1.6365728217060393e-13,4.000610606680333e-12
-1,3.0,7,0.001923480265260219,0.0019234802652754698,0.0019234802595073492,1.52508214390501e-14,5.752869751754486e-12
-1,3.0,8,0.0019234802652602196,0.0019234802652754698,0.0019234802595073492,1.5250170917746608e-14,5.752870402275789e-12
0,0.1,1,0.008832012473335014,0.008832012473335015,0.008832012496541114,1.734723475976807e-18,2.3206100235872995e-11
0,0.1,2,0.008832012473335015,0.008832012473335015,0.008832012496541114,0.0,2.320609850114952e-11
0,0.1,3,0.008832012473335017,0.008832012473335015,0.008832012496541114,1.734723475976807e-18,2.3206096766426043e-11
0,0.1,4,0.00017031419577322095,0.00017031419577322282,0.00017031420001201557,1.870248747537495e-18,4.238794618039929e-12
0,0.1,5,5.235864988671489e-05,5.235864988671559e-05,5.2358651622540136e-05,7.047314121155779e-19,1.7358252490007504e-12
0,0.1,6,4.2380946932829834e-07,4.23809469328011e-07,4.238095262023169e-07,2.873559273560214e-19,5.687401856130229e-14
0,0.1,7,4.238094693284911e-07,4.23809469328011e-07,4.238095262023169e-07,4.801088624155781e-19,5.687382580836723e-14
0,0.1,8,4.238094693286838e-07,4.23809469328011e-07,4.238095262023169e-07,6.728088579159314e-19,5.687363310837173e-14
0,0.5,1,0.022833592563643375,0.022833592563643406,0.02283359373108927,3.122502256758253e-17,1.1674458968990997e-09
0,0.5,2,0.022833592563643375,0.022833592563643406,0.02283359373108927,3.122502256758253e-17,1.1674458968990997e-09
0,0.5,3,0.022833592563643368,0.022833592563643406,0.02283359373108927,3.8163916471489756e-17,1.1674459038379936e-09
0,0.5,4,0.0028613477141050145,0.00286134771410508,0.0028613476898494395,6.548581121812447e-17,2.425557497909292e-11
0,0.5,5,0.001454033838710136,0.001454033838710154,0.0014540338323006852,1.7997756063259374e-17,6.4094508780282444e-12
0,0.5,6,0.00016579269113294558,0.00016579269113294658,0.00016579269576172303,1.0028870095490916e-18,4.628777450308569e-12
0,0.5,7,0.0001657926911329458,0.00016579269113294658,0.00016579269576172303,7.860465750519907e-19,4.628777233468134e-12
0,0.5,8,0.00016579269113294628,0.00016579269113294664,0.00016579269576172303,3.5236570605778894e-19,4.628776745577157e-12
0,1.0,1,0.02684758326730719,0.02684758326730782,0.02684758832500993,6.279698983036042e-16,5.0577027392584295e-09
0,1.0,2,0.026847583267307195,0.026847583267307816,0.02684758832500993,6.210310043996969e-16,5.0577027357889826e-09
0,1.0,3,0.026847583267307185,0.026847583267307816,0.026847588325009934,6.314393452555578e-16,5.05770274966677e-09
0,1.0,4,0.004720159840492554,0.004720159840493771,0.004720159799984734,1.2169085183977302e-15,4.0507820188440125e-11
0,1.0,5,0.002972162027884059,0.002972162027884274,0.002972161994653769,2.1467203015212988e-16,3.3230290047425726e-11
0,1.0,6,0.0007142246110927717,0.0007142246110927761,0.0007142246035407216,4.336808689942018e-18,7.552050131087729e-12
0,1.0,7,0.0007142246110927719,0.0007142246110927761,0.0007142246035407216,4.119968255444917e-18,7.552050347928163e-12
0,1.0,8,0.0007142246110927725,0.0007142246110927761,0.0007142246035407216,3.577867169202165e-18,7.55205089002925e-12
0,3.0,1,0.028285614305711568,0.028285614305763714,0.028285660626048335,5.214578768786282e-14,4.632033676760239e-08
0,3.0,2,0.02828561430571157,0.028285614305763714,0.028285660626048335,5.214231824091087e-14,4.632033676413294e-08
0,3.0,3,0.02828561430571156,0.028285614305763714,0.028285660626048335,5.215272658176673e-14,4.632033677454128e-08
0,3.0,4,0.005763905666252345,0.00576390566635261,0.005763905659713334,1.0026528218798347e-13,6.539010652395483e-12
0,3.0,5,0.003987533782001969,0.003987533782019122,0.00398753377553022,1.715294573045867e-14,6.471749351699696e-12
0,3.0,6,0.0014326060968896446,0.0014326060968896423,0.00143260609076144,2.3852447794681098e-18,6.128204714517249e-12
0,3.0,7,0.0014326060968896449,0.0014326060968896423,0.0014326060907614401,2.6020852139652106e-18,6.128204714517249e-12
0,3.0,8,0.0014326060968896455,0.0014326060968896423,0.00143260609076144,3.2526065174565133e-18,6.128205581878987e-12
1,0.1,1,0.008955601412017641,0.008955601412017653,0.008955601438813904,1.214306433183765e-17,2.6796263125072883e-11
1,0.1,2,0.00895560141201766,0.008955601412017653,0.008955601438813904,6.938893903907228e-18,2.6796244043114648e-11
1,0.1,3,0.008422008863987222,0.00842200886398722,0.00842200887566312,1.734723475976807e-18,1.1675898095586668e-11
1,0.1,4,0.000308273528566029,0.000308273528566024,0.00030827353615061275,5.041540102057596e-18,7.584583731467393e-12
1,0.1,5,9.475389596756179e-05,9.475389596756122e-05,9.475389908419245e-05,5.692061405548898e-19,3.1166306650254674e-12
1,0.1,6,0.00039105152991505607,0.00039105152991505493,0.00039105153892597254,1.1384122811097797e-18,9.01091647045188e-12
1,0.1,7,2.407900887845387e-05,2.407900887845387e-05,2.4079009667571486e-05,0.0,7.891176149750056e-13
1,0.1,8,2.4079008878454305e-05,2.407900887845387e-05,2.4079009667571486e-05,4.336808689942018e-19,7.891171812941366e-13
1,0.5,1,0.02503299518138851,0.02503299518138864,0.02503299631227048,1.2836953722228372e-16,1.1308819679312077e-09
1,0.5,2,0.025032995181388566,0.02503299518138864,0.02503299631227048,7.28583859910259e-17,1.1308819124200564e-09
1,0.5,3,0.015785124011714845,0.015785124011714734,0.015785125262926757,1.1102230246251565e-16,1.2512119118568421e-09
1,0.5,4,0.004537976086482414,0.00453797608648252,0.0045379760355859595,1.0581813203458523e-16,5.089645458561387e-11
1,0.5,5,0.0023196652855997256,0.0023196652855997455,0.002319665264735402,1.9949319973733282e-17,2.0864323723585043e-11
1,0.5,6,0.004291028489485971,0.004291028489486123,0.004291028433257894,1.5178830414797062e-16,5.622807774940952e-11
1,0.5,7,0.000594394029579504,0.0005943940295795096,0.0005943940269082233,5.5294310796760726e-18,2.6712807313367115e-12
1,0.5,8,0.0005943940295795056,0.0005943940295795096,0.0005943940269082233,4.0115480381963664e-18,2.671282249219753e-12
1,1.0,1,0.029522341951055825,0.029522341951057136,0.02952234699832379,1.3114509478384662e-15,5.047267964686242e-09
1,1.0,2,0.0295223419510559,0.029522341951057136,0.02952234699832379,1.2351231148954867e-15,5.047267888358409e-09
1,1.0,3,0.01673620881806703,0.016736208818065708,0.016736213946463907,1.321859288694327e-15,5.128396877301933e-09
1,1.0,4,0.00646765167894809,0.006467651678950139,0.006467651637286773,2.048708425128609e-15,4.166131675753526e-11
1,1.0,5,0.004042313411046225,0.004042313411046559,0.004042313371059766,3.3393426912553537e-16,3.998645945607615e-11
1,1.0,6,0.004784316722988444,0.0047843167229909426,0.0047843167166670125,2.4988691671445906e-15,6.321431225697616e-12
1,1.0,7,0.0012063048565928436,0.0012063048565929214,0.0012063048452866918,7.784571598445922e-17,1.1306151761342198e-11
1,1.0,8,0.0012063048565928453,0.0012063048565929214,0.0012063048452866918,7.611099250848241e-17,1.1306153496065674e-11
1,3.0,1,0.030708616583478093,0.030708616583580893,0.030708662906577294,1.0279971318638559e-13,4.632309920024613e-08
1,3.0,2,0.030708616583478163,0.030708616583580896,0.03070866290657729,1.0273379369429847e-13,4.6323099127387746e-08
1,3.0,3,0.017281756414294323,0.017281756414188436,0.017281802739030582,1.058875209736243e-13,4.632473625879041e-08
1,3.0,4,0.007226306997572698,0.007226306997741585,0.007226306994172567,1.6888660608893602e-13,3.400130871300533e-12
1,3.0,5,0.004837873532822061,0.004837873532850203,0.004837873529347362,2.8141551589033753e-14,3.474698827277134e-12
1,3.0,6,0.00482995736962149,0.0048299573698247136,0.004829957369362242,2.0322372257242094e-13,2.592474845908299e-13
1,3.0,7,0.0017080524318933343,0.0017080524318997805,0.0017080524290201927,6.446232436729815e-15,2.873141611778318e-12
1,3.0,8,0.0017080524318933365,0.0017080524318997805,0.001708052429020193,6.444064032384844e-15,2.8731435633422286e-12
