B,n,L_pop,delta,margin,cert_prob,n_eff
(),200,0.1980155379374029,0.005,-0.1930155379374029,0.0,2000
(),200,0.1980155379374029,0.01,-0.1880155379374029,0.0,2000
(),200,0.1980155379374029,0.015,-0.18301553793740288,0.0,2000
(),200,0.1980155379374029,0.02,-0.1780155379374029,0.0,2000
(),200,0.1980155379374029,0.025,-0.1730155379374029,0.0,2000
(),200,0.1980155379374029,0.03,-0.1680155379374029,0.0,2000
(),200,0.1980155379374029,0.04,-0.1580155379374029,0.0,2000
(),200,0.1980155379374029,0.05,-0.1480155379374029,0.0,2000
(),200,0.1980155379374029,0.075,-0.1230155379374029,0.0,2000
(),200,0.1980155379374029,0.1,-0.09801553793740289,0.0,2000
(),200,0.1980155379374029,0.15,-0.0480155379374029,0.0035,2000
(),200,0.1980155379374029,0.2,0.0019844620625971143,0.067,2000
(),200,0.1980155379374029,0.25,0.0519844620625971,0.3255,2000
(),1000,0.1980155379374029,0.005,-0.1930155379374029,0.0,2000
(),1000,0.1980155379374029,0.01,-0.1880155379374029,0.0,2000
(),1000,0.1980155379374029,0.015,-0.18301553793740288,0.0,2000
(),1000,0.1980155379374029,0.02,-0.1780155379374029,0.0,2000
(),1000,0.1980155379374029,0.025,-0.1730155379374029,0.0,2000
(),1000,0.1980155379374029,0.03,-0.1680155379374029,0.0,2000
(),1000,0.1980155379374029,0.04,-0.1580155379374029,0.0,2000
(),1000,0.1980155379374029,0.05,-0.1480155379374029,0.0,2000
(),1000,0.1980155379374029,0.075,-0.1230155379374029,0.0,2000
(),1000,0.1980155379374029,0.1,-0.09801553793740289,0.0,2000
(),1000,0.1980155379374029,0.15,-0.0480155379374029,0.0,2000
(),1000,0.1980155379374029,0.2,0.0019844620625971143,0.0665,2000
(),1000,0.1980155379374029,0.25,0.0519844620625971,0.865,2000
(),5000,0.1980155379374029,0.005,-0.1930155379374029,0.0,2000
(),5000,0.1980155379374029,0.01,-0.1880155379374029,0.0,2000
(),5000,0.1980155379374029,0.015,-0.18301553793740288,0.0,2000
(),5000,0.1980155379374029,0.02,-0.1780155379374029,0.0,2000
(),5000,0.1980155379374029,0.025,-0.1730155379374029,0.0,2000
(),5000,0.1980155379374029,0.03,-0.1680155379374029,0.0,2000
(),5000,0.1980155379374029,0.04,-0.1580155379374029,0.0,2000
(),5000,0.1980155379374029,0.05,-0.1480155379374029,0.0,2000
(),5000,0.1980155379374029,0.075,-0.1230155379374029,0.0,2000
(),5000,0.1980155379374029,0.1,-0.09801553793740289,0.0,2000
(),5000,0.1980155379374029,0.15,-0.0480155379374029,0.0,2000
(),5000,0.1980155379374029,0.2,0.0019844620625971143,0.0875,2000
(),5000,0.1980155379374029,0.25,0.0519844620625971,1.0,2000
"(4,)",200,0.0422786940140325,0.005,-0.037278694014032505,0.0,2000
"(4,)",200,0.0422786940140325,0.01,-0.0322786940140325,0.0,2000
"(4,)",200,0.0422786940140325,0.015,-0.027278694014032503,0.001,2000
"(4,)",200,0.0422786940140325,0.02,-0.022278694014032503,0.003,2000
"(4,)",200,0.0422786940140325,0.025,-0.0172786940140325,0.0095,2000
"(4,)",200,0.0422786940140325,0.03,-0.012278694014032504,0.0165,2000
"(4,)",200,0.0422786940140325,0.04,-0.002278694014032502,0.0475,2000
"(4,)",200,0.0422786940140325,0.05,0.0077213059859675,0.1075,2000
"(4,)",200,0.0422786940140325,0.075,0.032721305985967494,0.3875,2000
"(4,)",200,0.0422786940140325,0.1,0.0577213059859675,0.69,2000
"(4,)",200,0.0422786940140325,0.15,0.10772130598596749,0.976,2000
"(4,)",200,0.0422786940140325,0.2,0.1577213059859675,1.0,2000
"(4,)",200,0.0422786940140325,0.25,0.2077213059859675,1.0,2000
"(4,)",1000,0.0422786940140325,0.005,-0.037278694014032505,0.0,2000
"(4,)",1000,0.0422786940140325,0.01,-0.0322786940140325,0.0,2000
"(4,)",1000,0.0422786940140325,0.015,-0.027278694014032503,0.0,2000
"(4,)",1000,0.0422786940140325,0.02,-0.022278694014032503,0.0,2000
"(4,)",1000,0.0422786940140325,0.025,-0.0172786940140325,0.0,2000
"(4,)",1000,0.0422786940140325,0.03,-0.012278694014032504,0.002,2000
"(4,)",1000,0.0422786940140325,0.04,-0.002278694014032502,0.0385,2000
"(4,)",1000,0.0422786940140325,0.05,0.0077213059859675,0.262,2000
"(4,)",1000,0.0422786940140325,0.075,0.032721305985967494,0.937,2000
"(4,)",1000,0.0422786940140325,0.1,0.0577213059859675,1.0,2000
"(4,)",1000,0.0422786940140325,0.15,0.10772130598596749,1.0,2000
"(4,)",1000,0.0422786940140325,0.2,0.1577213059859675,1.0,2000
"(4,)",1000,0.0422786940140325,0.25,0.2077213059859675,1.0,2000
"(4,)",5000,0.0422786940140325,0.005,-0.037278694014032505,0.0,2000
"(4,)",5000,0.0422786940140325,0.01,-0.0322786940140325,0.0,2000
"(4,)",5000,0.0422786940140325,0.015,-0.027278694014032503,0.0,2000
"(4,)",5000,0.0422786940140325,0.02,-0.022278694014032503,0.0,2000
"(4,)",5000,0.0422786940140325,0.025,-0.0172786940140325,0.0,2000
"(4,)",5000,0.0422786940140325,0.03,-0.012278694014032504,0.0,2000
"(4,)",5000,0.0422786940140325,0.04,-0.002278694014032502,0.0175,2000
"(4,)",5000,0.0422786940140325,0.05,0.0077213059859675,0.5905,2000
"(4,)",5000,0.0422786940140325,0.075,0.032721305985967494,1.0,2000
"(4,)",5000,0.0422786940140325,0.1,0.0577213059859675,1.0,2000
"(4,)",5000,0.0422786940140325,0.15,0.10772130598596749,1.0,2000
"(4,)",5000,0.0422786940140325,0.2,0.1577213059859675,1.0,2000
"(4,)",5000,0.0422786940140325,0.25,0.2077213059859675,1.0,2000
"(5,)",200,0.11590080702866246,0.005,-0.11090080702866245,0.0,2000
"(5,)",200,0.11590080702866246,0.01,-0.10590080702866246,0.0,2000
"(5,)",200,0.11590080702866246,0.015,-0.10090080702866246,0.0,2000
"(5,)",200,0.11590080702866246,0.02,-0.09590080702866245,0.0,2000
"(5,)",200,0.11590080702866246,0.025,-0.09090080702866246,0.0,2000
"(5,)",200,0.11590080702866246,0.03,-0.08590080702866246,0.0,2000
"(5,)",200,0.11590080702866246,0.04,-0.07590080702866245,0.0,2000
"(5,)",200,0.11590080702866246,0.05,-0.06590080702866245,0.0,2000
"(5,)",200,0.11590080702866246,0.075,-0.04090080702866246,0.0035,2000
"(5,)",200,0.11590080702866246,0.1,-0.01590080702866245,0.0245,2000
"(5,)",200,0.11590080702866246,0.15,0.03409919297133754,0.2895,2000
"(5,)",200,0.11590080702866246,0.2,0.08409919297133756,0.749,2000
"(5,)",200,0.11590080702866246,0.25,0.13409919297133754,0.9605,2000
"(5,)",1000,0.11590080702866246,0.005,-0.11090080702866245,0.0,2000
"(5,)",1000,0.11590080702866246,0.01,-0.10590080702866246,0.0,2000
"(5,)",1000,0.11590080702866246,0.015,-0.10090080702866246,0.0,2000
"(5,)",1000,0.11590080702866246,0.02,-0.09590080702866245,0.0,2000
"(5,)",1000,0.11590080702866246,0.025,-0.09090080702866246,0.0,2000
"(5,)",1000,0.11590080702866246,0.03,-0.08590080702866246,0.0,2000
"(5,)",1000,0.11590080702866246,0.04,-0.07590080702866245,0.0,2000
"(5,)",1000,0.11590080702866246,0.05,-0.06590080702866245,0.0,2000
"(5,)",1000,0.11590080702866246,0.075,-0.04090080702866246,0.0,2000
"(5,)",1000,0.11590080702866246,0.1,-0.01590080702866245,0.003,2000
"(5,)",1000,0.11590080702866246,0.15,0.03409919297133754,0.76,2000
"(5,)",1000,0.11590080702866246,0.2,0.08409919297133756,0.9995,2000
"(5,)",1000,0.11590080702866246,0.25,0.13409919297133754,1.0,2000
"(5,)",5000,0.11590080702866246,0.005,-0.11090080702866245,0.0,2000
"(5,)",5000,0.11590080702866246,0.01,-0.10590080702866246,0.0,2000
"(5,)",5000,0.11590080702866246,0.015,-0.10090080702866246,0.0,2000
"(5,)",5000,0.11590080702866246,0.02,-0.09590080702866245,0.0,2000
"(5,)",5000,0.11590080702866246,0.025,-0.09090080702866246,0.0,2000
"(5,)",5000,0.11590080702866246,0.03,-0.08590080702866246,0.0,2000
"(5,)",5000,0.11590080702866246,0.04,-0.07590080702866245,0.0,2000
"(5,)",5000,0.11590080702866246,0.05,-0.06590080702866245,0.0,2000
"(5,)",5000,0.11590080702866246,0.075,-0.04090080702866246,0.0,2000
"(5,)",5000,0.11590080702866246,0.1,-0.01590080702866245,0.0,2000
"(5,)",5000,0.11590080702866246,0.15,0.03409919297133754,0.9995,2000
"(5,)",5000,0.11590080702866246,0.2,0.08409919297133756,1.0,2000
"(5,)",5000,0.11590080702866246,0.25,0.13409919297133754,1.0,2000
"(4, 5)",200,8.881784197001252e-16,0.005,0.004999999999999112,0.049,2000
"(4, 5)",200,8.881784197001252e-16,0.01,0.009999999999999112,0.1415,2000
"(4, 5)",200,8.881784197001252e-16,0.015,0.014999999999999111,0.2525,2000
"(4, 5)",200,8.881784197001252e-16,0.02,0.019999999999999112,0.376,2000
"(4, 5)",200,8.881784197001252e-16,0.025,0.024999999999999113,0.5205,2000
"(4, 5)",200,8.881784197001252e-16,0.03,0.02999999999999911,0.644,2000
"(4, 5)",200,8.881784197001252e-16,0.04,0.03999999999999911,0.8335,2000
"(4, 5)",200,8.881784197001252e-16,0.05,0.049999999999999115,0.927,2000
"(4, 5)",200,8.881784197001252e-16,0.075,0.07499999999999911,0.995,2000
"(4, 5)",200,8.881784197001252e-16,0.1,0.09999999999999912,1.0,2000
"(4, 5)",200,8.881784197001252e-16,0.15,0.1499999999999991,1.0,2000
"(4, 5)",200,8.881784197001252e-16,0.2,0.19999999999999912,1.0,2000
"(4, 5)",200,8.881784197001252e-16,0.25,0.2499999999999991,1.0,2000
"(4, 5)",1000,8.881784197001252e-16,0.005,0.004999999999999112,0.5425,2000
"(4, 5)",1000,8.881784197001252e-16,0.01,0.009999999999999112,0.9335,2000
"(4, 5)",1000,8.881784197001252e-16,0.015,0.014999999999999111,0.992,2000
"(4, 5)",1000,8.881784197001252e-16,0.02,0.019999999999999112,1.0,2000
"(4, 5)",1000,8.881784197001252e-16,0.025,0.024999999999999113,1.0,2000
"(4, 5)",1000,8.881784197001252e-16,0.03,0.02999999999999911,1.0,2000
"(4, 5)",1000,8.881784197001252e-16,0.04,0.03999999999999911,1.0,2000
"(4, 5)",1000,8.881784197001252e-16,0.05,0.049999999999999115,1.0,2000
"(4, 5)",1000,8.881784197001252e-16,0.075,0.07499999999999911,1.0,2000
"(4, 5)",1000,8.881784197001252e-16,0.1,0.09999999999999912,1.0,2000
"(4, 5)",1000,8.881784197001252e-16,0.15,0.1499999999999991,1.0,2000
"(4, 5)",1000,8.881784197001252e-16,0.2,0.19999999999999912,1.0,2000
"(4, 5)",1000,8.881784197001252e-16,0.25,0.2499999999999991,1.0,2000
"(4, 5)",5000,8.881784197001252e-16,0.005,0.004999999999999112,1.0,2000
"(4, 5)",5000,8.881784197001252e-16,0.01,0.009999999999999112,1.0,2000
"(4, 5)",5000,8.881784197001252e-16,0.015,0.014999999999999111,1.0,2000
"(4, 5)",5000,8.881784197001252e-16,0.02,0.019999999999999112,1.0,2000
"(4, 5)",5000,8.881784197001252e-16,0.025,0.024999999999999113,1.0,2000
"(4, 5)",5000,8.881784197001252e-16,0.03,0.02999999999999911,1.0,2000
"(4, 5)",5000,8.881784197001252e-16,0.04,0.03999999999999911,1.0,2000
"(4, 5)",5000,8.881784197001252e-16,0.05,0.049999999999999115,1.0,2000
"(4, 5)",5000,8.881784197001252e-16,0.075,0.07499999999999911,1.0,2000
"(4, 5)",5000,8.881784197001252e-16,0.1,0.09999999999999912,1.0,2000
"(4, 5)",5000,8.881784197001252e-16,0.15,0.1499999999999991,1.0,2000
"(4, 5)",5000,8.881784197001252e-16,0.2,0.19999999999999912,1.0,2000
"(4, 5)",5000,8.881784197001252e-16,0.25,0.2499999999999991,1.0,2000
"(4, 6)",200,0.04048453126683338,0.005,-0.03548453126683338,0.0005,2000
"(4, 6)",200,0.04048453126683338,0.01,-0.030484531266833377,0.001,2000
"(4, 6)",200,0.04048453126683338,0.015,-0.02548453126683338,0.0025,2000
"(4, 6)",200,0.04048453126683338,0.02,-0.02048453126683338,0.005,2000
"(4, 6)",200,0.04048453126683338,0.025,-0.015484531266833378,0.0135,2000
"(4, 6)",200,0.04048453126683338,0.03,-0.01048453126683338,0.03,2000
"(4, 6)",200,0.04048453126683338,0.04,-0.00048453126683337816,0.0695,2000
"(4, 6)",200,0.04048453126683338,0.05,0.009515468733166624,0.15,2000
"(4, 6)",200,0.04048453126683338,0.075,0.03451546873316662,0.4585,2000
"(4, 6)",200,0.04048453126683338,0.1,0.05951546873316663,0.7715,2000
"(4, 6)",200,0.04048453126683338,0.15,0.10951546873316662,0.984,2000
"(4, 6)",200,0.04048453126683338,0.2,0.15951546873316663,1.0,2000
"(4, 6)",200,0.04048453126683338,0.25,0.20951546873316662,1.0,2000
"(4, 6)",1000,0.04048453126683338,0.005,-0.03548453126683338,0.0,2000
"(4, 6)",1000,0.04048453126683338,0.01,-0.030484531266833377,0.0,2000
"(4, 6)",1000,0.04048453126683338,0.015,-0.02548453126683338,0.0,2000
"(4, 6)",1000,0.04048453126683338,0.02,-0.02048453126683338,0.0,2000
"(4, 6)",1000,0.04048453126683338,0.025,-0.015484531266833378,0.0,2000
"(4, 6)",1000,0.04048453126683338,0.03,-0.01048453126683338,0.004,2000
"(4, 6)",1000,0.04048453126683338,0.04,-0.00048453126683337816,0.066,2000
"(4, 6)",1000,0.04048453126683338,0.05,0.009515468733166624,0.328,2000
"(4, 6)",1000,0.04048453126683338,0.075,0.03451546873316662,0.9705,2000
"(4, 6)",1000,0.04048453126683338,0.1,0.05951546873316663,1.0,2000
"(4, 6)",1000,0.04048453126683338,0.15,0.10951546873316662,1.0,2000
"(4, 6)",1000,0.04048453126683338,0.2,0.15951546873316663,1.0,2000
"(4, 6)",1000,0.04048453126683338,0.25,0.20951546873316662,1.0,2000
"(4, 6)",5000,0.04048453126683338,0.005,-0.03548453126683338,0.0,2000
"(4, 6)",5000,0.04048453126683338,0.01,-0.030484531266833377,0.0,2000
"(4, 6)",5000,0.04048453126683338,0.015,-0.02548453126683338,0.0,2000
"(4, 6)",5000,0.04048453126683338,0.02,-0.02048453126683338,0.0,2000
"(4, 6)",5000,0.04048453126683338,0.025,-0.015484531266833378,0.0,2000
"(4, 6)",5000,0.04048453126683338,0.03,-0.01048453126683338,0.0,2000
"(4, 6)",5000,0.04048453126683338,0.04,-0.00048453126683337816,0.046,2000
"(4, 6)",5000,0.04048453126683338,0.05,0.009515468733166624,0.774,2000
"(4, 6)",5000,0.04048453126683338,0.075,0.03451546873316662,1.0,2000
"(4, 6)",5000,0.04048453126683338,0.1,0.05951546873316663,1.0,2000
"(4, 6)",5000,0.04048453126683338,0.15,0.10951546873316662,1.0,2000
"(4, 6)",5000,0.04048453126683338,0.2,0.15951546873316663,1.0,2000
"(4, 6)",5000,0.04048453126683338,0.25,0.20951546873316662,1.0,2000
"(4, 5, 6)",200,0.0,0.005,0.005,0.0865,2000
"(4, 5, 6)",200,0.0,0.01,0.01,0.2265,2000
"(4, 5, 6)",200,0.0,0.015,0.015,0.3835,2000
"(4, 5, 6)",200,0.0,0.02,0.02,0.528,2000
"(4, 5, 6)",200,0.0,0.025,0.025,0.6735,2000
"(4, 5, 6)",200,0.0,0.03,0.03,0.7815,2000
"(4, 5, 6)",200,0.0,0.04,0.04,0.916,2000
"(4, 5, 6)",200,0.0,0.05,0.05,0.9685,2000
"(4, 5, 6)",200,0.0,0.075,0.075,0.998,2000
"(4, 5, 6)",200,0.0,0.1,0.1,0.9995,2000
"(4, 5, 6)",200,0.0,0.15,0.15,1.0,2000
"(4, 5, 6)",200,0.0,0.2,0.2,1.0,2000
"(4, 5, 6)",200,0.0,0.25,0.25,1.0,2000
"(4, 5, 6)",1000,0.0,0.005,0.005,0.7055,2000
"(4, 5, 6)",1000,0.0,0.01,0.01,0.9715,2000
"(4, 5, 6)",1000,0.0,0.015,0.015,0.998,2000
"(4, 5, 6)",1000,0.0,0.02,0.02,1.0,2000
"(4, 5, 6)",1000,0.0,0.025,0.025,1.0,2000
"(4, 5, 6)",1000,0.0,0.03,0.03,1.0,2000
"(4, 5, 6)",1000,0.0,0.04,0.04,1.0,2000
"(4, 5, 6)",1000,0.0,0.05,0.05,1.0,2000
"(4, 5, 6)",1000,0.0,0.075,0.075,1.0,2000
"(4, 5, 6)",1000,0.0,0.1,0.1,1.0,2000
"(4, 5, 6)",1000,0.0,0.15,0.15,1.0,2000
"(4, 5, 6)",1000,0.0,0.2,0.2,1.0,2000
"(4, 5, 6)",1000,0.0,0.25,0.25,1.0,2000
"(4, 5, 6)",5000,0.0,0.005,0.005,1.0,2000
"(4, 5, 6)",5000,0.0,0.01,0.01,1.0,2000
"(4, 5, 6)",5000,0.0,0.015,0.015,1.0,2000
"(4, 5, 6)",5000,0.0,0.02,0.02,1.0,2000
"(4, 5, 6)",5000,0.0,0.025,0.025,1.0,2000
"(4, 5, 6)",5000,0.0,0.03,0.03,1.0,2000
"(4, 5, 6)",5000,0.0,0.04,0.04,1.0,2000
"(4, 5, 6)",5000,0.0,0.05,0.05,1.0,2000
"(4, 5, 6)",5000,0.0,0.075,0.075,1.0,2000
"(4, 5, 6)",5000,0.0,0.1,0.1,1.0,2000
"(4, 5, 6)",5000,0.0,0.15,0.15,1.0,2000
"(4, 5, 6)",5000,0.0,0.2,0.2,1.0,2000
"(4, 5, 6)",5000,0.0,0.25,0.25,1.0,2000
