eps,L_exact,L_H,half_L_H,ratio_2L_over_LH
0.0,8.881784197001252e-16,0.0,0.0,inf
0.0001,3.239497559093252e-10,6.479008998319133e-10,3.2395044991595663e-10,0.9999978576765933
0.00010473708979594497,3.553681793277974e-10,7.10736371581422e-10,3.55368185790711e-10,0.9999999818134716
0.00010969857978923841,3.8983216654742137e-10,7.796657364033689e-10,3.8983286820168443e-10,0.9999982001151768
0.00011489510001873086,4.276401455172163e-10,8.552799773552703e-10,4.2763998867763515e-10,1.0000003667561157
0.00012033778407775893,4.691136368251136e-10,9.382273887945498e-10,4.691136943972749e-10,0.9999998772746096
0.00012603829296797275,5.146096881958329e-10,1.0292191339171632e-09,5.146095669585816e-10,1.0000002355907451
0.0001320088400831418,5.645182099556223e-10,1.1290353411729247e-09,5.645176705864624e-10,1.0000009554513314
0.00013826221737646565,6.19265527745938e-10,1.2385317918021844e-09,6.192658959010922e-10,0.9999994054974501
0.0001448118227674533,6.793241524860605e-10,1.3586472558027653e-09,6.793236279013826e-10,1.000000772216152
0.00015167168884709225,7.45205674945737e-10,1.4904115391909541e-09,7.452057695954771e-10,0.9999998729884497
0.00015885651294280528,8.174767529567362e-10,1.6349543115136158e-09,8.174771557568079e-10,0.9999995072644307
0.0001663816886076129,8.967573350560087e-10,1.7935147892520928e-09,8.967573946260464e-10,0.9999999335717352
0.00017426333860096508,9.837259895562056e-10,1.9674523580898324e-09,9.837261790449162e-10,0.9999998073765702
0.00018251834943190426,1.0791287863298749e-09,2.158258225057017e-09,1.0791291125285085e-09,0.9999996977204768
0.00019116440753857018,1.1837837377015603e-09,2.3675682003864135e-09,1.1837841001932067e-09,0.9999996937856773
0.00020022003718155845,1.2985887920535788e-09,2.5971767185893487e-09,1.2985883592946744e-09,1.0000003332533371
0.00020970464013232327,1.4245262747181187e-09,2.8490522188734786e-09,1.4245261094367393e-09,1.0000001160255176
0.0002196385372416547,1.562677098831955e-09,3.125354016664088e-09,1.562677008332044e-09,1.0000000579133823
0.0002300430119772917,1.714225206228548e-09,3.4284508107587597e-09,1.7142254053793799e-09,0.9999998838245943
0.00024094035602395243,1.8804708901143385e-09,3.760940984649573e-09,1.8804704923247867e-09,1.0000002115372475
0.0002523539170434766,2.062837900496106e-09,4.125674875907774e-09,2.062837437953887e-09,1.0000002242262094
0.00026430814869741055,2.2628903195709427e-09,4.5257792043746615e-09,2.2628896021873308e-09,1.0000003170210385
0.00027682866303920667,2.4823423316888693e-09,4.9646838683818916e-09,2.4823419341909458e-09,1.0000001601302053
0.0002899422853882875,2.723075098742811e-09,5.446151338493998e-09,2.723075669246999e-09,0.9999997904927159
0.0003036771118035457,2.98715452373699e-09,5.974308900497981e-09,2.9871544502489906e-09,1.000000024601339
0.0003180625692794119,3.2768419089279632e-09,6.5536840237484634e-09,3.2768420118742317e-09,0.9999999685836949
0.00033312947879346737,3.5946214893556316e-09,7.1892431577223775e-09,3.5946215788611888e-09,0.9999999751001447
0.0003489101213406774,3.943217308233216e-09,7.88643428897013e-09,3.943217144485065e-09,1.0000000415265364
0.00036543830709572547,4.325616309586167e-09,8.651233622823256e-09,4.325616811411628e-09,0.9999998839875368
0.0003827494478516311,4.7450976481400176e-09,9.490196789504642e-09,4.745098394752321e-09,0.9999998426560965
0.0004008806328898465,5.205257558316134e-09,1.0410515012988669e-08,5.205257506494334e-09,1.000000009955665
0.000419870708444391,5.7100386641195655e-09,1.1420076723403852e-08,5.710038361701926e-09,1.0000000529624533
0.00043976036093027214,6.263767282632671e-09,1.2527535140323322e-08,6.263767570161661e-09,0.9999999540964783
0.00046059220411451035,6.871191615687167e-09,1.374238240534311e-08,6.871191202671555e-09,1.0000000601082986
0.00048241087041653687,7.537515500644076e-09,1.5075030898342862e-08,7.537515449171431e-09,1.000000006828861
0.0005052631065335679,8.268450812920491e-09,1.6536902433231713e-08,8.268451216615856e-09,0.9999999511764229
0.0005291978735958442,9.070262763088976e-09,1.8140526096330716e-08,9.070263048165358e-09,0.999999968570219
0.0005542664520663107,9.949823187582751e-09,1.9899645564400207e-08,9.949822782200103e-09,1.0000000407427003
0.0005805225516094895,1.0914669168471391e-08,2.1829336820321364e-08,1.0914668410160682e-08,1.0000000694762938
0.0006080224261649427,1.1973068758663885e-08,2.394613727326783e-08,1.1973068636633915e-08,1.0000000101920379
0.0006368249944718586,1.313409381253905e-08,2.6268187387615393e-08,1.3134093693807697e-08,1.000000009039935
0.0006669919663030121,1.4407692816575945e-08,2.8815386031665097e-08,1.4407693015832548e-08,0.9999999861701243
0.0006985879746785249,1.5804780595374268e-08,3.160956087439593e-08,1.5804780437197966e-08,1.0000000100081303
0.0007316807143427193,1.7337328017674736e-08,3.467465528692726e-08,1.733732764346363e-08,1.0000000215841285
0.0007663410868007462,1.9018467689591034e-08,3.803693334623438e-08,1.901846667311719e-08,1.000000053446677
0.0008026433522257174,2.086260320055544e-08,4.1725204693125986e-08,2.0862602346562993e-08,1.0000000409341285
0.0008406652885618325,2.288553613283284e-08,4.577107116587258e-08,2.288553558293629e-08,1.0000000240281268
0.0008804883581643465,2.510459928828368e-08,5.020919731659197e-08,2.5104598658295984e-08,1.0000000250945138
0.0009221978823334322,2.7538804125981642e-08,5.507760712114829e-08,2.7538803560574146e-08,1.0000000205313022
0.0009658832241158709,3.0209005075221285e-08,6.041800941660155e-08,3.020900470830077e-08,1.0000000121460642
0.001011637979766207,3.3138078947558824e-08,6.627615484506399e-08,3.313807742253199e-08,1.0000000460203775
0.001059560179277616,3.635111500699395e-08,7.270222735125294e-08,3.635111367562647e-08,1.0000000366252184
0.0011097524964120721,3.987563879093159e-08,7.975127357530835e-08,3.987563678765417e-08,1.0000000502381299
0.0011623224686798518,4.374183859567893e-08,8.748367380510722e-08,4.374183690255361e-08,1.0000000387072294
0.001217382727739662,4.7982831929971326e-08,9.596565850603748e-08,4.798282925301874e-08,1.0000000557898028
0.0012750512407130128,5.263493907392558e-08,1.0526987483397724e-07,5.263493741698862e-08,1.0000000314797934
0.0013354515629298987,5.7738007264163116e-08,1.1547600796236324e-07,5.773800398118162e-08,1.0000000568599756
0.0013987131026472386,6.33357357671116e-08,1.2667146252024604e-07,6.333573126012302e-08,1.0000000711602832
0.0014649713983072847,6.947605957208225e-08,1.38952109949102e-07,6.9476054974551e-08,1.000000066174328
0.0015343684089300133,7.621156061787815e-08,1.5242310814614265e-07,7.621155407307133e-08,1.0000000858768319
0.0016070528182616384,8.359990744111201e-08,1.6719980037565745e-07,8.359990018782872e-08,1.0000000867618655
0.0016831803533309566,9.170435877337013e-08,1.8340870110270677e-07,9.170435055135338e-08,1.00000008965787
0.001762914118095948,1.0059429822462107e-07,2.0118857714083462e-07,1.0059428857041731e-07,1.0000000959716888
0.0018464249428955426,1.1034582758639999e-07,2.2069163331362736e-07,1.1034581665681368e-07,1.000000099048488
0.0019338917504552321,1.2104242053112557e-07,2.420848127156189e-07,1.2104240635780945e-07,1.0000001170938067
0.0020255019392306666,1.3277562871394366e-07,2.655512226286159e-07,1.3277561131430795e-07,1.0000001310454196
0.00212145178491063,1.4564587047516397e-07,2.9129169821315735e-07,1.4564584910657868e-07,1.000000146716061
0.002221946860939524,1.5976328437972143e-07,3.1952651726025614e-07,1.5976325863012807e-07,1.0000001611734362
0.0023272024789604074,1.75248670686301e-07,3.5049728056562637e-07,1.7524864028281318e-07,1.0000001734877244
0.002437444150122222,1.922345234106615e-07,3.844689738877779e-07,1.9223448694388896e-07,1.0000001896994297
0.0025529080682395165,2.1086615920040686e-07,4.2173222898426334e-07,2.1086611449213167e-07,1.000000212022094
0.0026738416158399465,2.3130295545570334e-07,4.6260580289981576e-07,2.3130290144990788e-07,1.000000233485162
0.002800503894183631,2.537197127949753e-07,5.074392965196701e-07,2.5371964825983505e-07,1.0000002543561002
0.0029331662783900424,2.78308144530115e-07,5.566161354166249e-07,2.7830806770831244e-07,1.000000276031533
0.003072112998861759,3.052785118029533e-07,6.105568382275486e-07,3.052784191137743e-07,1.0000003036217866
0.0032176417502507355,3.3486141326477536e-07,6.69722600212391e-07,3.348613001061955e-07,1.0000003379267173
0.003370064329271928,3.6730974617427137e-07,7.346192222962583e-07,3.6730961114812916e-07,1.0000003676085192
0.00352970730273065,4.029008726647021e-07,8.058014187939284e-07,4.029007093969642e-07,1.0000004052307034
0.0036969127071950283,4.419389654231054e-07,8.838775401906934e-07,4.419387700953467e-07,1.000000441979233
0.003872038781812557,4.847576100530659e-07,9.695147508286713e-07,4.847573754143357e-07,1.0000004840333374
0.004055460735840828,5.317226348111603e-07,1.0634447051525597e-06,5.317223525762798e-07,1.0000005307937105
0.0042475715525368985,5.83235225448675e-07,1.166469770333628e-06,5.83234885166814e-07,1.000000583438799
0.004448782831127585,6.397353331522027e-07,1.2794698476493507e-06,6.397349238246753e-07,1.0000006398392711
0.004659525668664682,7.017054173275028e-07,1.403409849985143e-06,7.017049249925715e-07,1.0000007016267292
0.004880251583654433,7.696745409901951e-07,1.5393478982840835e-06,7.696739491420418e-07,1.0000007689595756
0.005111433483440166,8.442228658367412e-07,1.6884443057440779e-06,8.442221528720389e-07,1.0000008445226174
0.0053535666774107244,9.259865700883552e-07,1.8519714250972544e-06,9.259857125486272e-07,1.0000009260831093
0.005607169938205458,1.0156632521685083e-06,2.0313244414550015e-06,1.0156622207275008e-06,1.0000010155354668
0.005872786613189483,1.1140178415303126e-06,2.2280332010212285e-06,1.1140166005106142e-06,1.0000011140046725
0.006150985788580504,1.2218890805826277e-06,2.443775174526802e-06,1.221887587263401e-06,1.0000012221412526
0.00644236350872137,1.3401966283410616e-06,2.6803896635874043e-06,1.3401948317937022e-06,1.0000013405120785
0.006747544053110693,1.4699488444236408e-06,2.9398933684082424e-06,1.4699466842041212e-06,1.0000014695903892
0.0070671812739274914,1.6122513226690671e-06,3.2244974464307858e-06,1.6122487232153929e-06,1.0000016123155422
0.007401959996915644,1.7683162285564435e-06,3.536626203726543e-06,1.7683131018632715e-06,1.0000017681784796
0.007752597488629464,1.939472548784238e-06,3.878937574283409e-06,1.9394687871417046e-06,1.0000019395220785
0.008119844993184008,2.127177303634653e-06,4.254345556904557e-06,2.1271727784522786e-06,1.0000021273224349
0.008504489341802677,2.3330278411393124e-06,4.666044795357689e-06,2.3330223976788446e-06,1.00000233322255
0.00890735463861044,2.5587753000877456e-06,5.117537504795177e-06,2.5587687523975885e-06,1.0000025589221968
0.009329304026284686,2.8063393582300478e-06,5.612662966442692e-06,2.806331483221346e-06,1.0000028061577004
0.009771241535346501,3.077824390018691e-06,6.155629833267138e-06,3.077814916633569e-06,1.000003077958025
0.010234114021054527,3.3755371502408593e-06,6.7510515119369595e-06,3.3755257559684797e-06,1.0000033755548627
0.010718913192051276,3.702006161176996e-06,7.403984911045828e-06,3.701992455522914e-06,1.0000037022371728
0.011226677735108135,4.060002919636929e-06,8.119972872461847e-06,4.059986436230924e-06,1.0000040599657818
0.01175849554052157,4.452565141477294e-06,8.905090631985653e-06,4.452545315992826e-06,1.0000044526182352
0.012315506032928261,4.883022187485153e-06,9.765996687458164e-06,4.882998343729082e-06,1.0000048830153918
0.01289890261253308,5.355022919317776e-06,1.070998848728092e-05,5.35499424364046e-06,1.0000053549408292
0.013509935211980266,5.872566182674177e-06,1.1745063390242007e-05,5.872531695121003e-06,1.0000058726891508
0.01414991297434576,6.440034169052922e-06,1.2879985388839847e-05,6.4399926944199235e-06,1.0000064401677091
0.014820207057988586,7.062228941201454e-06,1.4124358133248918e-05,7.062179066624459e-06,1.0000070622079282
0.01552225357427048,7.744412396704092e-06,1.548870484198148e-05,7.74435242099074e-06,1.000007744445254
0.016257556664437952,8.49234998856474e-06,1.698455573848596e-05,8.49227786924298e-06,1.0000084923412624
0.017027691722258997,9.312358574931068e-06,1.8624543710746903e-05,9.312271855373452e-06,1.0000093123954028
0.017834308769319095,1.0211358747902466e-05,2.0422508953773188e-05,1.0211254476886594e-05,1.0000102113815799
0.01867913599020783,1.1196932081958266e-05,2.2393613423090986e-05,1.1196806711545493e-05,1.000011196979282
0.01956398343517065,1.227738373366094e-05,2.45544660014152e-05,1.22772330007076e-05,1.0000122774368891
0.020490746898158482,1.3461810898895976e-05,2.6923259361013795e-05,1.3461629680506898e-05,1.0000134618462533
0.021461411978584036,1.4760177656114593e-05,2.951991959138259e-05,1.4759959795691294e-05,1.0000147602314853
0.02247805833548725,1.6183396777336156e-05,3.2366269756229834e-05,1.6183134878114917e-05,1.0000161834665047
0.02354286414322418,1.774341914817512e-05,3.548620864596186e-05,1.774310432298093e-05,1.0000177435238198
0.024658110758226038,1.9453331478125335e-05,3.890590610244318e-05,1.945295305122159e-05,1.0000194534425055
0.025826187606826773,2.132746305960609e-05,4.265401641236451e-05,2.1327008206182256e-05,1.0000213275776628
0.027049597304631343,2.3381502383124086e-05,4.676191139472765e-05,2.3380955697363823e-05,1.000023381668711
0.02833096101839324,2.5632624494065226e-05,5.126393494739697e-05,2.5631967473698484e-05,1.000025632849582
0.029673024081888696,2.8099630058342484e-05,5.619768096805359e-05,2.8098840484026795e-05,1.0000280998896072
0.03107866187782014,3.0803097174292304e-05,6.160429672693079e-05,3.0802148363465394e-05,1.0000308033977279
0.0325508859983506,3.37655470579179e-05,6.752881394313038e-05,3.376440697156519e-05,1.0000337659226082
0.03409285069746811,3.701162482716569e-05,7.40205100038553e-05,3.701025500192765e-05,1.0000370120453905
0.03570785964900463,4.056829672549611e-05,8.113330196730877e-05,4.0566650983654383e-05,1.0000405688367617
0.03739937302478798,4.446506518718252e-05,8.892617620605076e-05,4.446308810302538e-05,1.0000444657409435
0.039171014908092605,4.873420333506573e-05,9.746365677903145e-05,4.873182838951573e-05,1.0000487349978133
0.04102658105827194,5.3411010568993333e-05,0.00010681631586806441,5.3408157934032206e-05,1.0000534119705955
0.04297004704320839,5.85340910452814e-05,0.00011706132987889832,5.853066493944916e-05,1.0000585352282565
0.04500557675700498,6.414565703405373e-05,0.00012828308508893905,6.414154254446952e-05,1.0000641470320324
0.047137531341167244,7.02918592256907e-05,0.00014057383702371278,7.028691851185639e-05,1.0000702935046653
0.049370478528390035,7.702314629209894e-05,0.00015403442806287578,7.701721403143789e-05,1.0000770251265987
0.05170920242896761,8.439465611420616e-05,0.0001687750681143956,8.43875340571978e-05,1.0000843970272142
0.054158713780794704,9.246664132867011e-05,0.00018491618355281593,9.245809177640797e-05,1.0000924694864222
0.05672426068491978,0.00010130493199334012,0.00020258933999438644,0.00010129466999719322,1.000101308352623
0.05941133984965034,0.00011098143840815311,0.00022193824487828426,0.00011096912243914213,1.0001109855493155
0.06222570836730231,0.00012157469732887449,0.00024311983623894224,0.00012155991811947112,1.0001215796261795
0.06517339604882427,0.00013317046504202068,0.00026630546448902335,0.00013315273224451168,1.000133176369798
0.06826071834272386,0.00014586236100200267,0.00029168217448504846,0.00014584108724252423,1.0001458694520227
0.07149428986597577,0.0001597525659731147,0.00031945409561678635,0.00015972704780839317,1.0001597610741053
0.07488103857590023,0.00017495257890765004,0.00034984394814555704,0.00017492197407277852,1.0001749627800267
0.07842822061337681,0.0001915840370125821,0.00038309467451335397,0.00019154733725667699,1.0001915962729147
0.0821434358491943,0.00020977960375390126,0.0004194712048512424,0.0002097356024256212,1.000209794273224
0.086034644166845,0.0002296839298452369,0.0004592623664284008,0.0002296311832142004,1.0002297015165718
0.09011018251665019,0.0002514546925134198,0.0005027829472979168,0.0002513914736489584,1.0002514757702152
0.09437878277775381,0.0002752637186658191,0.0005503759249069222,0.0002751879624534611,1.000275288975879
0.09884959046625587,0.0003012981978427476,0.0006024148709404502,0.0003012074354702251,1.0003013284595077
0.10353218432956626,0.0003297619911455385,0.0006593065441530552,0.0003296532720765276,1.0003297982402117
0.1084365968689611,0.00036087704261333897,0.0007214936834010564,0.0003607468417005282,1.0003609204510204
0.11357333583431052,0.00039488489979611074,0.000789458013511021,0.0003947290067555105,1.0003949368755076
0.11895340673703195,0.0004320483505209083,0.0008637234769949049,0.00043186173849745244,1.0004321105734097
0.12458833642950082,0.0004726531831220626,0.000944859704935739,0.0004724298524678695,1.000472727650521
0.1304901978014403,0.0005170100776146214,0.0010334857406042249,0.0005167428703021124,1.000517099176139
0.13667163564620075,0.000565456635461814,0.0011302740295086192,0.0005651370147543096,1.000565563215928
0.14314589375234785,0.0006183595557649468,0.0012359546896080025,0.0006179773448040012,1.000618487011149
0.14992684327860456,0.0006761169658267008,0.001351320075310238,0.000675660037655119,1.0006762693457016
0.15702901247293774,0.0007391609140272593,0.0014772296486056974,0.0007386148243028487,1.0007393430329887
0.16446761779946645,0.0008079600330477277,0.0016146151702290735,0.0008073075851145367,1.0008081776329383
0.17225859653987874,0.0008830223812488214,0.0017644862230634314,0.0008822431115317157,1.0008832822913774
0.18041864093920718,0.0009648984699826002,0.0019279360790706976,0.0009639680395353488,1.0009652088130432
0.18896523396912096,0.0010541844842322234,0.0021061479198143584,0.0010530739599071792,1.0010545549195253
0.19791668678535573,0.0011515257036220916,0.002300401419094801,0.0011502007095474005,1.0011519677076295
0.2072921779595372,0.0012576201303362566,0.0025120796943039407,0.0012560398471519703,1.0012581473333586
0.21711179456945054,0.0013732223297813206,0.0027426766307787026,0.0013713383153893513,1.0013738509096017
0.22739657523579276,0.001499147489034236,0.0029938045806473085,0.0014969022903236543,1.0014998966366042
0.23816855519761582,0.0016362756970877967,0.003267202434368403,0.0016336012171842015,1.0016371681628673
0.24945081352303167,0.0017855564497226695,0.0035647440593127673,0.0017823720296563836,1.0017866191868483
0.2612675225563329,0.0019480133804092858,0.0038884470952793237,0.0019442235476396618,1.0019492782989
0.27364399970746717,0.002124749217013111,0.00424048209172227,0.002120241045861135,1.0021262540694496
0.286606761694825,0.00231695096218143,0.004623181965645826,0.002311590982822913,1.0023187403819906
0.3001835813575589,0.0025258952931412892,0.005039051752551917,0.0025195258762759584,1.0025280220081507
0.31440354715915003,0.0027529541742286057,0.005490778615462765,0.0027453893077313825,1.0027554804252787
0.3292971255097151,0.0029996006727612823,0.005981242068850238,0.002990621034425119,1.0030025998723335
0.34489622604057596,0.003267414965849369,0.006513524365260688,0.003256762182630344,1.0032709736301413
0.36123426997094304,0.003558090522467694,0.007090920982511671,0.0035454604912558353,1.0035623105215834
0.3783462617131929,0.003873440441502396,0.007716951138555203,0.0038584755692776013,1.003878441616671
0.3962688638701478,0.004215403922592564,0.008395368249463466,0.004197684124731733,1.0042213271256955
0.41504047578504766,0.0045860528424066516,0.009130170233534785,0.004565085116767393,1.0045930634594842
0.43470131581250265,0.004987598404565752,0.0099256095512962,0.0049628047756481,1.004995890436656
0.4552935074866948,0.0054223978267078365,0.010786202857280274,0.005393101428640137,1.0054321986069314
0.47686116977144694,0.005892961023297616,0.011716740124994561,0.005858370062497281,1.0059045366597394
0.499450511585514,0.006401957237730294,0.012722293091630857,0.006361146545815428,1.00641561888583
0.5231099308056264,0.006952221572051442,0.013808222853970879,0.006904111426985439,1.0069683326485663
0.5478901179593945,0.007546761357376752,0.014980186431858672,0.007490093215929336,1.0075657458210132
0.5738441648302393,0.008188762302898667,0.01624414210080935,0.008122071050404675,1.008211114145655
0.6010276782070382,0.00888159435614444,0.01760635328112166,0.00880317664056083,1.0089078884572529
0.6294988990221888,0.009628817202285589,0.019073390757630346,0.009536695378815173,1.0096597217181809
0.6593188271333549,0.010434185325584266,0.020652132992384928,0.010326066496192464,1.0104704758033147
0.6905513520162331,0.011301652551846786,0.0223497642825333,0.01117488214126665,1.011344227972839
0.7232633896483533,0.012235375986991315,0.024173770508023412,0.012086885254011706,1.0122852769641644
0.7575250258771913,0.01323971926381251,0.026131932208954267,0.013065966104477134,1.0132981486363906
0.7934096665797492,0.014319255006684628,0.028232314731065373,0.014116157365532686,1.014387601093754
0.8309941949353395,0.015478766422616808,0.030483255180552435,0.015241627590276217,1.0155586292169925
0.8703591361485166,0.016723247926734963,0.032893345936707015,0.016446672968353507,1.016816468529145
0.9115888299750827,0.018057904711120898,0.03547141448339427,0.017735707241697134,1.0181665983224095
0.9547716114208056,0.01948815116811531,0.038226499338646025,0.019113249669323013,1.0196147439749095
1.0,0.021019608082724517,0.04116782188615832,0.02058391094307916,1.0211668783862402
