run,group,condition,arm,n_cells,n_frames,frame_interval,fine_window,fine_interval,fov,fov_c,px_c,onset,split,body_id,noise_level
run_00011,N2100,N0,untreated,24,5600,1.0,,,12.0,10.0,128,,development,2100,n1
run_00017,N2101,N0,untreated,24,5600,1.0,,,12.0,10.0,128,,development,2101,n1
run_00025,N2102,N0,untreated,24,5600,1.0,,,12.0,10.0,128,,development,2102,n1
run_00030,N2103,N0,untreated,24,5600,1.0,,,12.0,10.0,128,,development,2103,n1
run_00038,N2104,N0,untreated,24,5600,1.0,,,12.0,10.0,128,,development,2104,n1
run_00044,N2105,N0,untreated,24,5600,1.0,,,12.0,10.0,128,,development,2105,n1
run_00052,N2106,N0,untreated,24,5600,1.0,,,12.0,10.0,128,,development,2106,n1
run_00059,N2107,N0,untreated,24,5600,1.0,,,12.0,10.0,128,,development,2107,n1
run_00067,N2108,N0,untreated,24,5600,1.0,,,12.0,10.0,128,,development,2108,n1
run_00071,N2109,N0,untreated,24,5600,1.0,,,12.0,10.0,128,,development,2109,n1
run_00081,N2110,N0,untreated,24,5600,1.0,,,12.0,10.0,128,,development,2110,n1
run_00089,N2111,N0,untreated,24,5600,1.0,,,12.0,10.0,128,,development,2111,n1
run_00091,N2400,N0,untreated,24,5600,1.0,,,12.0,10.0,128,,heldout_bodies,2400,n1
run_00100,N2401,N0,untreated,24,5600,1.0,,,12.0,10.0,128,,heldout_bodies,2401,n1
run_00107,N2402,N0,untreated,24,5600,1.0,,,12.0,10.0,128,,heldout_bodies,2402,n1
run_00115,N2403,N0,untreated,24,5600,1.0,,,12.0,10.0,128,,heldout_bodies,2403,n1
run_00120,N2404,N0,untreated,24,5600,1.0,,,12.0,10.0,128,,heldout_bodies,2404,n1
run_00131,N2405,N0,untreated,24,5600,1.0,,,12.0,10.0,128,,heldout_bodies,2405,n1
run_00133,N2100,N0,untreated,24,5600,1.0,,,12.0,10.0,128,,development,2100,n1
run_00144,N2101,N0,untreated,24,5600,1.0,,,12.0,10.0,128,,development,2101,n1
run_00148,N2102,N0,untreated,24,5600,1.0,,,12.0,10.0,128,,development,2102,n1
run_00154,N2103,N0,untreated,24,5600,1.0,,,12.0,10.0,128,,development,2103,n1
run_00165,N2104,N0,untreated,24,5600,1.0,,,12.0,10.0,128,,development,2104,n1
run_00170,N2105,N0,untreated,24,5600,1.0,,,12.0,10.0,128,,development,2105,n1
run_00181,N2106,N0,untreated,24,5600,1.0,,,12.0,10.0,128,,development,2106,n1
run_00188,N2107,N0,untreated,24,5600,1.0,,,12.0,10.0,128,,development,2107,n1
run_00193,N2108,N0,untreated,24,5600,1.0,,,12.0,10.0,128,,development,2108,n1
run_00197,N2109,N0,untreated,24,5600,1.0,,,12.0,10.0,128,,development,2109,n1
run_00205,N2110,N0,untreated,24,5600,1.0,,,12.0,10.0,128,,development,2110,n1
run_00216,N2111,N0,untreated,24,5600,1.0,,,12.0,10.0,128,,development,2111,n1
run_00220,N2400,N0,untreated,24,5600,1.0,,,12.0,10.0,128,,heldout_bodies,2400,n1
run_00228,N2401,N0,untreated,24,5600,1.0,,,12.0,10.0,128,,heldout_bodies,2401,n1
run_00232,N2402,N0,untreated,24,5600,1.0,,,12.0,10.0,128,,heldout_bodies,2402,n1
run_00240,N2403,N0,untreated,24,5600,1.0,,,12.0,10.0,128,,heldout_bodies,2403,n1
run_00250,N2404,N0,untreated,24,5600,1.0,,,12.0,10.0,128,,heldout_bodies,2404,n1
run_00255,N2405,N0,untreated,24,5600,1.0,,,12.0,10.0,128,,heldout_bodies,2405,n1
run_00263,G001,P01,treated,24,720,1.0,30.0-150.0,0.5,12.0,10.0,128,50.0,heldout_bodies,2700,n1
run_00266,G001,P01,untreated_control,24,720,1.0,30.0-150.0,0.5,12.0,10.0,128,,heldout_bodies,2700,n1
run_00278,G001,P01,sham_treated,24,720,1.0,30.0-150.0,0.5,12.0,10.0,128,,heldout_bodies,2700,n1
run_00283,G002,P01,treated,24,720,1.0,30.0-150.0,0.5,12.0,10.0,128,50.0,development,2701,n1
run_00292,G002,P01,untreated_control,24,720,1.0,30.0-150.0,0.5,12.0,10.0,128,,development,2701,n1
run_00299,G002,P01,sham_treated,24,720,1.0,30.0-150.0,0.5,12.0,10.0,128,,development,2701,n1
run_00303,G003,P01,treated,24,720,1.0,30.0-150.0,0.5,12.0,10.0,128,50.0,development,2702,n1
run_00312,G003,P01,untreated_control,24,720,1.0,30.0-150.0,0.5,12.0,10.0,128,,development,2702,n1
run_00316,G003,P01,sham_treated,24,720,1.0,30.0-150.0,0.5,12.0,10.0,128,,development,2702,n1
run_00328,G004,P01,treated,24,720,1.0,30.0-150.0,0.5,12.0,10.0,128,50.0,heldout_bodies,2700,n1
run_00331,G004,P01,untreated_control,24,720,1.0,30.0-150.0,0.5,12.0,10.0,128,,heldout_bodies,2700,n1
run_00340,G004,P01,sham_treated,24,720,1.0,30.0-150.0,0.5,12.0,10.0,128,,heldout_bodies,2700,n1
run_00344,G005,P01,treated,24,720,1.0,30.0-150.0,0.5,12.0,10.0,128,50.0,development,2701,n1
run_00354,G005,P01,untreated_control,24,720,1.0,30.0-150.0,0.5,12.0,10.0,128,,development,2701,n1
run_00363,G005,P01,sham_treated,24,720,1.0,30.0-150.0,0.5,12.0,10.0,128,,development,2701,n1
run_00369,G006,P01,treated,24,720,1.0,30.0-150.0,0.5,12.0,10.0,128,50.0,development,2702,n1
run_00376,G006,P01,untreated_control,24,720,1.0,30.0-150.0,0.5,12.0,10.0,128,,development,2702,n1
run_00380,G006,P01,sham_treated,24,720,1.0,30.0-150.0,0.5,12.0,10.0,128,,development,2702,n1
run_00388,G007,P02,treated,24,720,1.0,30.0-150.0,0.5,12.0,10.0,128,50.0,heldout_bodies,2700,n1
run_00398,G007,P02,untreated_control,24,720,1.0,30.0-150.0,0.5,12.0,10.0,128,,heldout_bodies,2700,n1
run_00404,G007,P02,sham_treated,24,720,1.0,30.0-150.0,0.5,12.0,10.0,128,,heldout_bodies,2700,n1
run_00411,G008,P02,treated,24,720,1.0,30.0-150.0,0.5,12.0,10.0,128,50.0,development,2701,n1
run_00419,G008,P02,untreated_control,24,720,1.0,30.0-150.0,0.5,12.0,10.0,128,,development,2701,n1
run_00423,G008,P02,sham_treated,24,720,1.0,30.0-150.0,0.5,12.0,10.0,128,,development,2701,n1
run_00432,G009,P02,treated,24,720,1.0,30.0-150.0,0.5,12.0,10.0,128,50.0,development,2702,n1
run_00435,G009,P02,untreated_control,24,720,1.0,30.0-150.0,0.5,12.0,10.0,128,,development,2702,n1
run_00445,G009,P02,sham_treated,24,720,1.0,30.0-150.0,0.5,12.0,10.0,128,,development,2702,n1
run_00451,G010,P02,treated,24,720,1.0,30.0-150.0,0.5,12.0,10.0,128,50.0,heldout_bodies,2700,n1
run_00455,G010,P02,untreated_control,24,720,1.0,30.0-150.0,0.5,12.0,10.0,128,,heldout_bodies,2700,n1
run_00464,G010,P02,sham_treated,24,720,1.0,30.0-150.0,0.5,12.0,10.0,128,,heldout_bodies,2700,n1
run_00471,G011,P02,treated,24,720,1.0,30.0-150.0,0.5,12.0,10.0,128,50.0,development,2701,n1
run_00482,G011,P02,untreated_control,24,720,1.0,30.0-150.0,0.5,12.0,10.0,128,,development,2701,n1
run_00488,G011,P02,sham_treated,24,720,1.0,30.0-150.0,0.5,12.0,10.0,128,,development,2701,n1
run_00490,G012,P02,treated,24,720,1.0,30.0-150.0,0.5,12.0,10.0,128,50.0,development,2702,n1
run_00498,G012,P02,untreated_control,24,720,1.0,30.0-150.0,0.5,12.0,10.0,128,,development,2702,n1
run_00508,G012,P02,sham_treated,24,720,1.0,30.0-150.0,0.5,12.0,10.0,128,,development,2702,n1
run_00515,G013,P03,treated,24,720,1.0,30.0-150.0,0.5,12.0,10.0,128,50.0,heldout_bodies,2700,n1
run_00518,G013,P03,untreated_control,24,720,1.0,30.0-150.0,0.5,12.0,10.0,128,,heldout_bodies,2700,n1
run_00526,G013,P03,sham_treated,24,720,1.0,30.0-150.0,0.5,12.0,10.0,128,,heldout_bodies,2700,n1
run_00535,G014,P03,treated,24,720,1.0,30.0-150.0,0.5,12.0,10.0,128,50.0,development,2701,n1
run_00544,G014,P03,untreated_control,24,720,1.0,30.0-150.0,0.5,12.0,10.0,128,,development,2701,n1
run_00547,G014,P03,sham_treated,24,720,1.0,30.0-150.0,0.5,12.0,10.0,128,,development,2701,n1
run_00556,G015,P03,treated,24,720,1.0,30.0-150.0,0.5,12.0,10.0,128,50.0,development,2702,n1
run_00565,G015,P03,untreated_control,24,720,1.0,30.0-150.0,0.5,12.0,10.0,128,,development,2702,n1
run_00572,G015,P03,sham_treated,24,720,1.0,30.0-150.0,0.5,12.0,10.0,128,,development,2702,n1
run_00577,G016,P03,treated,24,720,1.0,30.0-150.0,0.5,12.0,10.0,128,50.0,heldout_bodies,2700,n1
run_00587,G016,P03,untreated_control,24,720,1.0,30.0-150.0,0.5,12.0,10.0,128,,heldout_bodies,2700,n1
run_00592,G016,P03,sham_treated,24,720,1.0,30.0-150.0,0.5,12.0,10.0,128,,heldout_bodies,2700,n1
run_00599,G017,P03,treated,24,720,1.0,30.0-150.0,0.5,12.0,10.0,128,50.0,development,2701,n1
run_00602,G017,P03,untreated_control,24,720,1.0,30.0-150.0,0.5,12.0,10.0,128,,development,2701,n1
run_00614,G017,P03,sham_treated,24,720,1.0,30.0-150.0,0.5,12.0,10.0,128,,development,2701,n1
run_00616,G018,P03,treated,24,720,1.0,30.0-150.0,0.5,12.0,10.0,128,50.0,development,2702,n1
run_00625,G018,P03,untreated_control,24,720,1.0,30.0-150.0,0.5,12.0,10.0,128,,development,2702,n1
run_00634,G018,P03,sham_treated,24,720,1.0,30.0-150.0,0.5,12.0,10.0,128,,development,2702,n1
run_00640,G019,P04,treated,48,700,1.0,0.0-100.0,0.5,30.0,24.0,256,-100.0,heldout_bodies,2700,n1
run_00650,G019,P04,untreated_control,48,700,1.0,0.0-100.0,0.5,30.0,24.0,256,,heldout_bodies,2700,n1
run_00657,G019,P04,sham_treated,48,700,1.0,0.0-100.0,0.5,30.0,24.0,256,-100.0,heldout_bodies,2700,n1
run_00659,G020,P04,treated,48,700,1.0,0.0-100.0,0.5,30.0,24.0,256,-100.0,development,2701,n1
run_00667,G020,P04,untreated_control,48,700,1.0,0.0-100.0,0.5,30.0,24.0,256,,development,2701,n1
run_00673,G020,P04,sham_treated,48,700,1.0,0.0-100.0,0.5,30.0,24.0,256,-100.0,development,2701,n1
run_00685,G021,P04,treated,48,700,1.0,0.0-100.0,0.5,30.0,24.0,256,-100.0,development,2702,n1
run_00692,G021,P04,untreated_control,48,700,1.0,0.0-100.0,0.5,30.0,24.0,256,,development,2702,n1
run_00696,G021,P04,sham_treated,48,700,1.0,0.0-100.0,0.5,30.0,24.0,256,-100.0,development,2702,n1
run_00702,G022,P05,treated,48,700,1.0,0.0-100.0,0.5,30.0,24.0,256,-100.0,heldout_bodies,2700,n1
run_00707,G022,P05,untreated_control,48,700,1.0,0.0-100.0,0.5,30.0,24.0,256,,heldout_bodies,2700,n1
run_00718,G022,P05,sham_treated,48,700,1.0,0.0-100.0,0.5,30.0,24.0,256,-100.0,heldout_bodies,2700,n1
run_00725,G023,P05,treated,48,700,1.0,0.0-100.0,0.5,30.0,24.0,256,-100.0,development,2701,n1
run_00731,G023,P05,untreated_control,48,700,1.0,0.0-100.0,0.5,30.0,24.0,256,,development,2701,n1
run_00739,G023,P05,sham_treated,48,700,1.0,0.0-100.0,0.5,30.0,24.0,256,-100.0,development,2701,n1
run_00747,G024,P05,treated,48,700,1.0,0.0-100.0,0.5,30.0,24.0,256,-100.0,development,2702,n1
run_00749,G024,P05,untreated_control,48,700,1.0,0.0-100.0,0.5,30.0,24.0,256,,development,2702,n1
run_00759,G024,P05,sham_treated,48,700,1.0,0.0-100.0,0.5,30.0,24.0,256,-100.0,development,2702,n1
run_00767,G025,P06,treated,48,700,1.0,0.0-100.0,0.5,30.0,24.0,256,-100.0,heldout_bodies,2700,n1
run_00770,G025,P06,untreated_control,48,700,1.0,0.0-100.0,0.5,30.0,24.0,256,,heldout_bodies,2700,n1
run_00777,G025,P06,sham_treated,48,700,1.0,0.0-100.0,0.5,30.0,24.0,256,-100.0,heldout_bodies,2700,n1
run_00790,G026,P06,treated,48,700,1.0,0.0-100.0,0.5,30.0,24.0,256,-100.0,development,2701,n1
run_00797,G026,P06,untreated_control,48,700,1.0,0.0-100.0,0.5,30.0,24.0,256,,development,2701,n1
run_00800,G026,P06,sham_treated,48,700,1.0,0.0-100.0,0.5,30.0,24.0,256,-100.0,development,2701,n1
run_00806,G027,P06,treated,48,700,1.0,0.0-100.0,0.5,30.0,24.0,256,-100.0,development,2702,n1
run_00815,G027,P06,untreated_control,48,700,1.0,0.0-100.0,0.5,30.0,24.0,256,,development,2702,n1
run_00820,G027,P06,sham_treated,48,700,1.0,0.0-100.0,0.5,30.0,24.0,256,-100.0,development,2702,n1
run_00831,G028,P07,treated,48,700,1.0,0.0-100.0,0.5,30.0,24.0,256,-100.0,heldout_conditions,2700,n1
run_00833,G028,P07,untreated_control,48,700,1.0,0.0-100.0,0.5,30.0,24.0,256,,heldout_conditions,2700,n1
run_00842,G028,P07,sham_treated,48,700,1.0,0.0-100.0,0.5,30.0,24.0,256,-100.0,heldout_conditions,2700,n1
run_00852,G029,P07,treated,48,700,1.0,0.0-100.0,0.5,30.0,24.0,256,-100.0,heldout_conditions,2701,n1
run_00856,G029,P07,untreated_control,48,700,1.0,0.0-100.0,0.5,30.0,24.0,256,,heldout_conditions,2701,n1
run_00862,G029,P07,sham_treated,48,700,1.0,0.0-100.0,0.5,30.0,24.0,256,-100.0,heldout_conditions,2701,n1
run_00872,G030,P07,treated,48,700,1.0,0.0-100.0,0.5,30.0,24.0,256,-100.0,heldout_conditions,2702,n1
run_00878,G030,P07,untreated_control,48,700,1.0,0.0-100.0,0.5,30.0,24.0,256,,heldout_conditions,2702,n1
run_00885,G030,P07,sham_treated,48,700,1.0,0.0-100.0,0.5,30.0,24.0,256,-100.0,heldout_conditions,2702,n1
run_00889,G031,P08,treated,48,700,1.0,0.0-100.0,0.5,30.0,24.0,256,-100.0,heldout_bodies,2700,n1
run_00901,G031,P08,untreated_control,48,700,1.0,0.0-100.0,0.5,30.0,24.0,256,,heldout_bodies,2700,n1
run_00908,G031,P08,sham_treated,48,700,1.0,0.0-100.0,0.5,30.0,24.0,256,-100.0,heldout_bodies,2700,n1
run_00910,G032,P08,treated,48,700,1.0,0.0-100.0,0.5,30.0,24.0,256,-100.0,development,2701,n1
run_00923,G032,P08,untreated_control,48,700,1.0,0.0-100.0,0.5,30.0,24.0,256,,development,2701,n1
run_00927,G032,P08,sham_treated,48,700,1.0,0.0-100.0,0.5,30.0,24.0,256,-100.0,development,2701,n1
run_00934,G033,P08,treated,48,700,1.0,0.0-100.0,0.5,30.0,24.0,256,-100.0,development,2702,n1
run_00943,G033,P08,untreated_control,48,700,1.0,0.0-100.0,0.5,30.0,24.0,256,,development,2702,n1
run_00951,G033,P08,sham_treated,48,700,1.0,0.0-100.0,0.5,30.0,24.0,256,-100.0,development,2702,n1
run_00953,G034,P09,treated,24,920,1.0,30.0-350.0,0.5,12.0,10.0,128,50.0,heldout_bodies,2700,n1
run_00963,G034,P09,untreated_control,24,920,1.0,30.0-350.0,0.5,12.0,10.0,128,,heldout_bodies,2700,n1
run_00970,G034,P09,sham_treated,24,920,1.0,30.0-350.0,0.5,12.0,10.0,128,,heldout_bodies,2700,n1
run_00973,G035,P09,treated,24,920,1.0,30.0-350.0,0.5,12.0,10.0,128,50.0,development,2701,n1
run_00984,G035,P09,untreated_control,24,920,1.0,30.0-350.0,0.5,12.0,10.0,128,,development,2701,n1
run_00992,G035,P09,sham_treated,24,920,1.0,30.0-350.0,0.5,12.0,10.0,128,,development,2701,n1
run_00999,G036,P09,treated,24,920,1.0,30.0-350.0,0.5,12.0,10.0,128,50.0,development,2702,n1
run_01005,G036,P09,untreated_control,24,920,1.0,30.0-350.0,0.5,12.0,10.0,128,,development,2702,n1
run_01010,G036,P09,sham_treated,24,920,1.0,30.0-350.0,0.5,12.0,10.0,128,,development,2702,n1
run_01018,G037,P09,treated,24,920,1.0,30.0-350.0,0.5,12.0,10.0,128,50.0,heldout_bodies,2700,n1
run_01027,G037,P09,untreated_control,24,920,1.0,30.0-350.0,0.5,12.0,10.0,128,,heldout_bodies,2700,n1
run_01033,G037,P09,sham_treated,24,920,1.0,30.0-350.0,0.5,12.0,10.0,128,,heldout_bodies,2700,n1
run_01039,G038,P09,treated,24,920,1.0,30.0-350.0,0.5,12.0,10.0,128,50.0,development,2701,n1
run_01049,G038,P09,untreated_control,24,920,1.0,30.0-350.0,0.5,12.0,10.0,128,,development,2701,n1
run_01053,G038,P09,sham_treated,24,920,1.0,30.0-350.0,0.5,12.0,10.0,128,,development,2701,n1
run_01061,G039,P09,treated,24,920,1.0,30.0-350.0,0.5,12.0,10.0,128,50.0,development,2702,n1
run_01069,G039,P09,untreated_control,24,920,1.0,30.0-350.0,0.5,12.0,10.0,128,,development,2702,n1
run_01074,G039,P09,sham_treated,24,920,1.0,30.0-350.0,0.5,12.0,10.0,128,,development,2702,n1
run_01083,W0154,T4b,treated,24,343,1.0,20.0-166.66666666666669,0.5,12.0,10.0,128,40.0,development,2636,n1
run_01085,W0155,T4b,treated,24,343,1.0,20.0-166.66666666666669,0.5,12.0,10.0,128,40.0,heldout_bodies,2637,n1
run_01096,W0156,T4b,sham_treated,24,343,1.0,20.0-166.66666666666669,0.5,12.0,10.0,128,40.0,heldout_bodies,2640,n1
run_01105,W0157,T4b,treated,24,343,1.0,20.0-166.66666666666669,0.5,12.0,10.0,128,40.0,development,2638,n1
run_01106,W0158,T4b,treated,24,343,1.0,20.0-166.66666666666669,0.5,12.0,10.0,128,40.0,development,2639,n1
run_01119,W0159,T4a,treated,24,303,1.0,20.0-146.66666666666666,0.5,12.0,10.0,128,40.0,development,2606,n1
run_01126,W0160,T4a,treated,24,303,1.0,20.0-146.66666666666666,0.5,12.0,10.0,128,40.0,heldout_bodies,2607,n1
run_01129,W0161,T4a,sham_treated,24,303,1.0,20.0-146.66666666666666,0.5,12.0,10.0,128,40.0,heldout_bodies,2610,n1
run_01136,W0162,T4a,treated,24,303,1.0,20.0-146.66666666666666,0.5,12.0,10.0,128,40.0,development,2608,n1
run_01146,W0163,T4a,treated,24,303,1.0,20.0-146.66666666666666,0.5,12.0,10.0,128,40.0,development,2609,n1
run_01149,W0164,T4b,treated,24,343,1.0,20.0-166.66666666666669,0.5,12.0,10.0,128,40.0,heldout_bodies,2646,n1
run_01161,W0165,T4b,treated,24,343,1.0,20.0-166.66666666666669,0.5,12.0,10.0,128,40.0,development,2647,n1
run_01162,W0166,T4b,sham_treated,24,343,1.0,20.0-166.66666666666669,0.5,12.0,10.0,128,40.0,development,2650,n1
run_01172,W0167,T4b,treated,24,343,1.0,20.0-166.66666666666669,0.5,12.0,10.0,128,40.0,development,2648,n1
run_01177,W0168,T4b,treated,24,343,1.0,20.0-166.66666666666669,0.5,12.0,10.0,128,40.0,heldout_bodies,2649,n1
run_01189,W0169,T4a,treated,24,303,1.0,20.0-146.66666666666666,0.5,12.0,10.0,128,40.0,heldout_bodies,2616,n1
run_01195,W0170,T4a,treated,24,303,1.0,20.0-146.66666666666666,0.5,12.0,10.0,128,40.0,development,2617,n1
run_01198,W0171,T4a,sham_treated,24,303,1.0,20.0-146.66666666666666,0.5,12.0,10.0,128,40.0,development,2620,n1
run_01208,W0172,T4a,treated,24,303,1.0,20.0-146.66666666666666,0.5,12.0,10.0,128,40.0,development,2618,n1
run_01213,W0173,T4a,treated,24,303,1.0,20.0-146.66666666666666,0.5,12.0,10.0,128,40.0,heldout_bodies,2619,n1
run_01221,W0174,T4b,treated,24,343,1.0,20.0-166.66666666666669,0.5,12.0,10.0,128,40.0,heldout_locations,2651,n1
run_01231,W0175,T4b,treated,24,343,1.0,20.0-166.66666666666669,0.5,12.0,10.0,128,40.0,heldout_locations,2652,n1
run_01233,W0176,T4b,sham_treated,24,343,1.0,20.0-166.66666666666669,0.5,12.0,10.0,128,40.0,heldout_locations,2655,n1
run_01240,W0177,T4b,treated,24,343,1.0,20.0-166.66666666666669,0.5,12.0,10.0,128,40.0,heldout_locations,2653,n1
run_01251,W0178,T4b,treated,24,343,1.0,20.0-166.66666666666669,0.5,12.0,10.0,128,40.0,heldout_locations,2654,n1
run_01255,W0179,T4a,treated,24,303,1.0,20.0-146.66666666666666,0.5,12.0,10.0,128,40.0,heldout_locations,2621,n1
run_01262,W0180,T4a,treated,24,303,1.0,20.0-146.66666666666666,0.5,12.0,10.0,128,40.0,heldout_locations,2622,n1
run_01268,W0181,T4a,sham_treated,24,303,1.0,20.0-146.66666666666666,0.5,12.0,10.0,128,40.0,heldout_locations,2625,n1
run_01277,W0182,T4a,treated,24,303,1.0,20.0-146.66666666666666,0.5,12.0,10.0,128,40.0,heldout_locations,2623,n1
run_01282,W0183,T4a,treated,24,303,1.0,20.0-146.66666666666666,0.5,12.0,10.0,128,40.0,heldout_locations,2624,n1
run_01294,W0184,T4b,treated,24,343,1.0,20.0-166.66666666666669,0.5,12.0,10.0,128,40.0,development,2656,n1
run_01301,W0185,T4b,treated,24,343,1.0,20.0-166.66666666666669,0.5,12.0,10.0,128,40.0,development,2657,n1
run_01307,W0186,T4b,sham_treated,24,343,1.0,20.0-166.66666666666669,0.5,12.0,10.0,128,40.0,development,2660,n1
run_01310,W0187,T4b,treated,24,343,1.0,20.0-166.66666666666669,0.5,12.0,10.0,128,40.0,heldout_bodies,2658,n1
run_01321,W0188,T4b,treated,24,343,1.0,20.0-166.66666666666669,0.5,12.0,10.0,128,40.0,development,2659,n1
run_01327,W0189,T4a,treated,24,303,1.0,20.0-146.66666666666666,0.5,12.0,10.0,128,40.0,development,2626,n1
run_01333,W0190,T4a,treated,24,303,1.0,20.0-146.66666666666666,0.5,12.0,10.0,128,40.0,development,2627,n1
run_01342,W0191,T4a,sham_treated,24,303,1.0,20.0-146.66666666666666,0.5,12.0,10.0,128,40.0,development,2630,n1
run_01347,W0192,T4a,treated,24,303,1.0,20.0-146.66666666666666,0.5,12.0,10.0,128,40.0,heldout_bodies,2628,n1
run_01351,W0193,T4a,treated,24,303,1.0,20.0-146.66666666666666,0.5,12.0,10.0,128,40.0,development,2629,n1
run_01358,W0194,T4b,treated,24,343,1.0,20.0-166.66666666666669,0.5,12.0,10.0,128,40.0,heldout_locations,2641,n1
run_01369,W0195,T4b,treated,24,343,1.0,20.0-166.66666666666669,0.5,12.0,10.0,128,40.0,heldout_locations,2642,n1
run_01373,W0196,T4b,sham_treated,24,343,1.0,20.0-166.66666666666669,0.5,12.0,10.0,128,40.0,heldout_locations,2645,n1
run_01383,W0197,T4b,treated,24,343,1.0,20.0-166.66666666666669,0.5,12.0,10.0,128,40.0,heldout_locations,2643,n1
run_01390,W0198,T4b,treated,24,343,1.0,20.0-166.66666666666669,0.5,12.0,10.0,128,40.0,heldout_locations,2644,n1
run_01398,W0199,T4a,treated,24,303,1.0,20.0-146.66666666666666,0.5,12.0,10.0,128,40.0,heldout_locations,2611,n1
run_01406,W0200,T4a,treated,24,303,1.0,20.0-146.66666666666666,0.5,12.0,10.0,128,40.0,heldout_locations,2612,n1
run_01411,W0201,T4a,sham_treated,24,303,1.0,20.0-146.66666666666666,0.5,12.0,10.0,128,40.0,heldout_locations,2615,n1
run_01420,W0202,T4a,treated,24,303,1.0,20.0-146.66666666666666,0.5,12.0,10.0,128,40.0,heldout_locations,2613,n1
run_01421,W0203,T4a,treated,24,303,1.0,20.0-146.66666666666666,0.5,12.0,10.0,128,40.0,heldout_locations,2614,n1
run_01429,W0204,T4b,treated,24,343,1.0,20.0-166.66666666666669,0.5,12.0,10.0,128,40.0,heldout_bodies,2631,n1
run_01437,W0205,T4b,treated,24,343,1.0,20.0-166.66666666666669,0.5,12.0,10.0,128,40.0,development,2632,n1
run_01442,W0206,T4b,sham_treated,24,343,1.0,20.0-166.66666666666669,0.5,12.0,10.0,128,40.0,development,2635,n1
run_01449,W0207,T4b,treated,24,343,1.0,20.0-166.66666666666669,0.5,12.0,10.0,128,40.0,development,2633,n1
run_01460,W0208,T4b,treated,24,343,1.0,20.0-166.66666666666669,0.5,12.0,10.0,128,40.0,heldout_bodies,2634,n1
run_01467,W0209,T4a,treated,24,303,1.0,20.0-146.66666666666666,0.5,12.0,10.0,128,40.0,heldout_bodies,2601,n1
run_01473,W0210,T4a,treated,24,303,1.0,20.0-146.66666666666666,0.5,12.0,10.0,128,40.0,development,2602,n1
run_01478,W0211,T4a,sham_treated,24,303,1.0,20.0-146.66666666666666,0.5,12.0,10.0,128,40.0,development,2605,n1
run_01487,W0212,T4a,treated,24,303,1.0,20.0-146.66666666666666,0.5,12.0,10.0,128,40.0,development,2603,n1
run_01491,W0213,T4a,treated,24,303,1.0,20.0-146.66666666666666,0.5,12.0,10.0,128,40.0,heldout_bodies,2604,n1
run_01501,W0214,T3b,treated,24,343,1.0,20.0-166.66666666666669,0.5,12.0,10.0,128,40.0,development,2696,n1
run_01510,W0215,T3b,treated,24,343,1.0,20.0-166.66666666666669,0.5,12.0,10.0,128,40.0,heldout_bodies,2697,n1
run_01514,W0216,T3b,sham_treated,24,343,1.0,20.0-166.66666666666669,0.5,12.0,10.0,128,40.0,heldout_bodies,2700,n1
run_01519,W0217,T3b,treated,24,343,1.0,20.0-166.66666666666669,0.5,12.0,10.0,128,40.0,development,2698,n1
run_01527,W0218,T3b,treated,24,343,1.0,20.0-166.66666666666669,0.5,12.0,10.0,128,40.0,development,2699,n1
run_01538,W0219,T3a,treated,24,303,1.0,20.0-146.66666666666666,0.5,12.0,10.0,128,40.0,development,2666,n1
run_01540,W0220,T3a,treated,24,303,1.0,20.0-146.66666666666666,0.5,12.0,10.0,128,40.0,heldout_bodies,2667,n1
run_01551,W0221,T3a,sham_treated,24,303,1.0,20.0-146.66666666666666,0.5,12.0,10.0,128,40.0,heldout_bodies,2670,n1
run_01559,W0222,T3a,treated,24,303,1.0,20.0-146.66666666666666,0.5,12.0,10.0,128,40.0,development,2668,n1
run_01562,W0223,T3a,treated,24,303,1.0,20.0-146.66666666666666,0.5,12.0,10.0,128,40.0,development,2669,n1
run_01572,W0224,T3b,treated,24,343,1.0,20.0-166.66666666666669,0.5,12.0,10.0,128,40.0,heldout_bodies,2706,n1
run_01576,W0225,T3b,treated,24,343,1.0,20.0-166.66666666666669,0.5,12.0,10.0,128,40.0,development,2707,n1
run_01585,W0226,T3b,sham_treated,24,343,1.0,20.0-166.66666666666669,0.5,12.0,10.0,128,40.0,development,2710,n1
run_01592,W0227,T3b,treated,24,343,1.0,20.0-166.66666666666669,0.5,12.0,10.0,128,40.0,development,2708,n1
run_01596,W0228,T3b,treated,24,343,1.0,20.0-166.66666666666669,0.5,12.0,10.0,128,40.0,heldout_bodies,2709,n1
run_01607,W0229,T3a,treated,24,303,1.0,20.0-146.66666666666666,0.5,12.0,10.0,128,40.0,heldout_bodies,2676,n1
run_01613,W0230,T3a,treated,24,303,1.0,20.0-146.66666666666666,0.5,12.0,10.0,128,40.0,development,2677,n1
run_01618,W0231,T3a,sham_treated,24,303,1.0,20.0-146.66666666666666,0.5,12.0,10.0,128,40.0,development,2680,n1
run_01626,W0232,T3a,treated,24,303,1.0,20.0-146.66666666666666,0.5,12.0,10.0,128,40.0,development,2678,n1
run_01637,W0233,T3a,treated,24,303,1.0,20.0-146.66666666666666,0.5,12.0,10.0,128,40.0,heldout_bodies,2679,n1
run_01641,W0234,T3b,treated,24,343,1.0,20.0-166.66666666666669,0.5,12.0,10.0,128,40.0,heldout_locations,2711,n1
run_01648,W0235,T3b,treated,24,343,1.0,20.0-166.66666666666669,0.5,12.0,10.0,128,40.0,heldout_locations,2712,n1
run_01656,W0236,T3b,sham_treated,24,343,1.0,20.0-166.66666666666669,0.5,12.0,10.0,128,40.0,heldout_locations,2715,n1
run_01662,W0237,T3b,treated,24,343,1.0,20.0-166.66666666666669,0.5,12.0,10.0,128,40.0,heldout_locations,2713,n1
run_01672,W0238,T3b,treated,24,343,1.0,20.0-166.66666666666669,0.5,12.0,10.0,128,40.0,heldout_locations,2714,n1
run_01673,W0239,T3a,treated,24,303,1.0,20.0-146.66666666666666,0.5,12.0,10.0,128,40.0,heldout_locations,2681,n1
run_01681,W0240,T3a,treated,24,303,1.0,20.0-146.66666666666666,0.5,12.0,10.0,128,40.0,heldout_locations,2682,n1
run_01688,W0241,T3a,sham_treated,24,303,1.0,20.0-146.66666666666666,0.5,12.0,10.0,128,40.0,heldout_locations,2685,n1
run_01699,W0242,T3a,treated,24,303,1.0,20.0-146.66666666666666,0.5,12.0,10.0,128,40.0,heldout_locations,2683,n1
run_01703,W0243,T3a,treated,24,303,1.0,20.0-146.66666666666666,0.5,12.0,10.0,128,40.0,heldout_locations,2684,n1
run_01709,W0244,T3b,treated,24,343,1.0,20.0-166.66666666666669,0.5,12.0,10.0,128,40.0,development,2716,n1
run_01717,W0245,T3b,treated,24,343,1.0,20.0-166.66666666666669,0.5,12.0,10.0,128,40.0,development,2717,n1
run_01728,W0246,T3b,sham_treated,24,343,1.0,20.0-166.66666666666669,0.5,12.0,10.0,128,40.0,development,2720,n1
run_01731,W0247,T3b,treated,24,343,1.0,20.0-166.66666666666669,0.5,12.0,10.0,128,40.0,heldout_bodies,2718,n1
run_01736,W0248,T3b,treated,24,343,1.0,20.0-166.66666666666669,0.5,12.0,10.0,128,40.0,development,2719,n1
run_01749,W0249,T3a,treated,24,303,1.0,20.0-146.66666666666666,0.5,12.0,10.0,128,40.0,development,2686,n1
run_01751,W0250,T3a,treated,24,303,1.0,20.0-146.66666666666666,0.5,12.0,10.0,128,40.0,development,2687,n1
run_01763,W0251,T3a,sham_treated,24,303,1.0,20.0-146.66666666666666,0.5,12.0,10.0,128,40.0,development,2690,n1
run_01765,W0252,T3a,treated,24,303,1.0,20.0-146.66666666666666,0.5,12.0,10.0,128,40.0,heldout_bodies,2688,n1
run_01775,W0253,T3a,treated,24,303,1.0,20.0-146.66666666666666,0.5,12.0,10.0,128,40.0,development,2689,n1
run_01781,W0254,T3b,treated,24,343,1.0,20.0-166.66666666666669,0.5,12.0,10.0,128,40.0,heldout_locations,2701,n1
run_01786,W0255,T3b,treated,24,343,1.0,20.0-166.66666666666669,0.5,12.0,10.0,128,40.0,heldout_locations,2702,n1
run_01795,W0256,T3b,sham_treated,24,343,1.0,20.0-166.66666666666669,0.5,12.0,10.0,128,40.0,heldout_locations,2705,n1
run_01800,W0257,T3b,treated,24,343,1.0,20.0-166.66666666666669,0.5,12.0,10.0,128,40.0,heldout_locations,2703,n1
run_01807,W0258,T3b,treated,24,343,1.0,20.0-166.66666666666669,0.5,12.0,10.0,128,40.0,heldout_locations,2704,n1
run_01815,W0259,T3a,treated,24,303,1.0,20.0-146.66666666666666,0.5,12.0,10.0,128,40.0,heldout_locations,2671,n1
run_01822,W0260,T3a,treated,24,303,1.0,20.0-146.66666666666666,0.5,12.0,10.0,128,40.0,heldout_locations,2672,n1
run_01832,W0261,T3a,sham_treated,24,303,1.0,20.0-146.66666666666666,0.5,12.0,10.0,128,40.0,heldout_locations,2675,n1
run_01838,W0262,T3a,treated,24,303,1.0,20.0-146.66666666666666,0.5,12.0,10.0,128,40.0,heldout_locations,2673,n1
run_01843,W0263,T3a,treated,24,303,1.0,20.0-146.66666666666666,0.5,12.0,10.0,128,40.0,heldout_locations,2674,n1
run_01850,W0264,T3b,treated,24,343,1.0,20.0-166.66666666666669,0.5,12.0,10.0,128,40.0,heldout_bodies,2691,n1
run_01856,W0265,T3b,treated,24,343,1.0,20.0-166.66666666666669,0.5,12.0,10.0,128,40.0,development,2692,n1
run_01864,W0266,T3b,sham_treated,24,343,1.0,20.0-166.66666666666669,0.5,12.0,10.0,128,40.0,development,2695,n1
run_01872,W0267,T3b,treated,24,343,1.0,20.0-166.66666666666669,0.5,12.0,10.0,128,40.0,development,2693,n1
run_01880,W0268,T3b,treated,24,343,1.0,20.0-166.66666666666669,0.5,12.0,10.0,128,40.0,heldout_bodies,2694,n1
run_01887,W0269,T3a,treated,24,303,1.0,20.0-146.66666666666666,0.5,12.0,10.0,128,40.0,heldout_bodies,2661,n1
run_01892,W0270,T3a,treated,24,303,1.0,20.0-146.66666666666666,0.5,12.0,10.0,128,40.0,development,2662,n1
run_01899,W0271,T3a,sham_treated,24,303,1.0,20.0-146.66666666666666,0.5,12.0,10.0,128,40.0,development,2665,n1
run_01908,W0272,T3a,treated,24,303,1.0,20.0-146.66666666666666,0.5,12.0,10.0,128,40.0,development,2663,n1
run_01912,W0273,T3a,treated,24,303,1.0,20.0-146.66666666666666,0.5,12.0,10.0,128,40.0,heldout_bodies,2664,n1
run_01924,D0274,Xbath,treated,24,370,1.0,20.0-190.0,0.5,12.0,10.0,128,40.0,heldout_conditions,2807,n1
run_01928,D0275,Xmbath_high,treated,24,370,1.0,20.0-190.0,0.5,12.0,10.0,128,40.0,development,2804,n1
run_01935,D0276,Xmbath_low,treated,24,370,1.0,20.0-190.0,0.5,12.0,10.0,128,40.0,heldout_conditions,2803,n1
run_01942,D0277,Xmig,treated,24,370,1.0,20.0-190.0,0.5,12.0,10.0,128,40.0,development,2802,n1
run_01948,D0278,Xmpipette,treated,24,370,1.0,20.0-190.0,0.5,12.0,10.0,128,40.0,development,2805,n1
run_01957,D0279,Xpipette,treated,24,370,1.0,20.0-190.0,0.5,12.0,10.0,128,40.0,development,2806,n1
run_01960,D0280,Xrg,treated,24,370,1.0,20.0-190.0,0.5,12.0,10.0,128,40.0,development,2801,n1
run_01971,D0281,Xsec,treated,24,370,1.0,20.0-190.0,0.5,12.0,10.0,128,40.0,development,2800,n1
run_01977,D0282,Xbath,treated,24,370,1.0,20.0-190.0,0.5,12.0,10.0,128,40.0,heldout_conditions,2807,n1
run_01982,D0283,Xmbath_high,treated,24,370,1.0,20.0-190.0,0.5,12.0,10.0,128,40.0,development,2804,n1
run_01993,D0284,Xmbath_low,treated,24,370,1.0,20.0-190.0,0.5,12.0,10.0,128,40.0,heldout_conditions,2803,n1
run_02000,D0285,Xmig,treated,24,370,1.0,20.0-190.0,0.5,12.0,10.0,128,40.0,development,2802,n1
run_02007,D0286,Xmpipette,treated,24,370,1.0,20.0-190.0,0.5,12.0,10.0,128,40.0,development,2805,n1
run_02015,D0287,Xpipette,treated,24,370,1.0,20.0-190.0,0.5,12.0,10.0,128,40.0,development,2806,n1
run_02016,D0288,Xrg,treated,24,370,1.0,20.0-190.0,0.5,12.0,10.0,128,40.0,development,2801,n1
run_02028,D0289,Xsec,treated,24,370,1.0,20.0-190.0,0.5,12.0,10.0,128,40.0,development,2800,n1
